{
  "WorkItem": {
    "AffectedComponent": {
      "Name": "",
      "DisplayName": ""
    },
    "ClosedComment": "",
    "ClosedDate": null,
    "CommentCount": 0,
    "Custom": null,
    "Description": "Need to implement a converter for any .NET delegate to and from DSLisp delegate.\ncurrently only EventHandler type can be used",
    "LastUpdatedDate": "2013-02-01T17:26:12.227-08:00",
    "PlannedForRelease": "",
    "ReleaseVisibleToPublic": false,
    "Priority": {
      "Name": "Low",
      "Severity": 50,
      "Id": 1
    },
    "ProjectName": "DSLisp",
    "ReportedDate": "2008-02-12T01:37:52.81-08:00",
    "Status": {
      "Name": "Proposed",
      "Id": 1
    },
    "ReasonClosed": {
      "Name": "Unassigned"
    },
    "Summary": ".NET delegate <-> DSLisp delegate",
    "Type": {
      "Name": "Task",
      "Id": 2
    },
    "VoteCount": 1,
    "Id": 1255
  },
  "FileAttachments": [],
  "Comments": []
}