{
  "WorkItem": {
    "AffectedComponent": {
      "Name": "",
      "DisplayName": ""
    },
    "ClosedComment": "",
    "ClosedDate": null,
    "CommentCount": 0,
    "Custom": null,
    "Description": "Make a proof of concept sample with a small DSL that compiles into DSLisp AST.\nMake the sample use the debugging features.",
    "LastUpdatedDate": "2013-02-01T17:26:11.197-08:00",
    "PlannedForRelease": "",
    "ReleaseVisibleToPublic": false,
    "Priority": {
      "Name": "Low",
      "Severity": 50,
      "Id": 1
    },
    "ProjectName": "DSLisp",
    "ReportedDate": "2008-02-12T01:40:58.8-08:00",
    "Status": {
      "Name": "Proposed",
      "Id": 1
    },
    "ReasonClosed": {
      "Name": "Unassigned"
    },
    "Summary": "POC Sample - DSL",
    "Type": {
      "Name": "Task",
      "Id": 2
    },
    "VoteCount": 1,
    "Id": 1256
  },
  "FileAttachments": [],
  "Comments": []
}