[
  {
    "Id": "0",
    "Name": "Alpha1 Release",
    "DevelopmentStatus": "None",
    "Description": "Contains the DSLisp runtime and a sample debugger.",
    "ReleasedDatge": "0001-01-01T00:00:00",
    "ModifiedDate": "2008-02-13T22:37:18.017-08:00",
    "Files": [
      {
        "Id": "bfee058c-e1ec-425b-8173-819f3ed93c42",
        "FileName": "DSLisp.Alpha.080212-1.zip",
        "Url": "./0/bfee058c-e1ec-425b-8173-819f3ed93c42",
        "Type": "Application",
        "UploadDate": "2008-02-12T06:33:26.377-08:00"
      }
    ]
  }
]