<?xml version="1.0" ?>
<project name="crap4j" default="run-crap4j" basedir="..">

	<!-- #1 redefine crap4j_home to point to the absolute directory where you unzipped crap4j -->
	<property name="CRAP4J_HOME" value="/Users/bobevans/Documents/projects/crap4j/org.crap4j/dist/crap4j"/>
	
	<!-- Define the Crap4j ant task -->
	<taskdef name="crap4j" classname="org.crap4j.anttask.Crap4jAntTask" >
		<classpath>
			<fileset dir="${CRAP4J_HOME}/lib">
				<include name="**/*.jar" />
			</fileset>
		</classpath>
	</taskdef>

	<!-- #2 Setup your project base directory. In most cases, it can just be basedir. 
	       The following is a fancy version -->
	<!-- Use of ${project.dir.crap4j} allows for the resolution of relative paths 
	        even when this file is imported in another build file -->
	<dirname file="${ant.file.crap4j}" property="import.dir.crap4j" />
	<condition property="my.project.root.dir" value="${import.dir.crap4j}/.." else="${basedir}">
		<isset property="import.dir.crap4j" />
	</condition>

	<!-- #3 Use crap4j on the project -->
	<target name="run-crap4j">
		<crap4j projectdir="${my.project.root.dir}" 
			    outputDir="agitar/reports/crap4j" 
			    dontTest="false" debug="true">
			
			<classDirs>
				<!-- put the project's class directories here. These are the classes you want crap numbers for -->
				<pathElement location="${my.project.root.dir}/bin" />
			</classDirs>
			
			<srcDirs>
				<!-- The project's src folders -->
				<pathElement location="${my.project.root.dir}/src" />
			</srcDirs>
			
			<testClassDirs>
				<!-- The project's test classes. 
				         Note, separating it from the project classes makes life so much easier
				         but if you didn't, then you probably just want to repeat the classDir entry here -->
				<pathElement location="${my.project.root.dir}/test_bin" />
				<pathElement location="${my.project.root.dir}/integration_tests_bin" />
				<pathElement location="${my.project.root.dir}/agitar/test_bin" />
			</testClassDirs>
			
			<libClasspath>
				<!-- Put the dependent paths and libraries here. 
				         This is for stuff necessary to your project, but not stuff you want analyzed -->
				<fileset dir="${my.project.root.dir}/lib">
					<include name="**/*.jar" />
				</fileset>
			</libClasspath>
		
		</crap4j>
	</target>
</project>
