[
  {
    "Id": "153196",
    "ThreadId": "45898",
    "Html": "Hello All,<br>\r\n               This is Priyanka here, I'm doing my Master's Degree in Computer Engineering.Working on the research going on &quot;ASML&quot;.So,There are following protocols which I want to merge with the help of &quot;ASML&quot;.<br>\r\n1)Alternating Bit Protocol<br>\r\n2)Communication Protocol<br>\r\n3)TCP/IP Protocol<br>\r\nSo,<br>\r\n     Does anyone have any information regarding the same.Please,help me to find the appropriate solution.<br>\r\n     Please,forward me your feedbacks on <br>\r\n     priyankadeore256@gmail.com<br>\r\n<br>\r\n<br>\r\nThanks in advance... :)\r\n",
    "PostedDate": "2009-02-01T23:09:59.217-08:00",
    "UserRole": null,
    "MarkedAsAnswerDate": null
  }
]