{
  "WorkItem": {
    "AffectedComponent": {
      "Name": "",
      "DisplayName": ""
    },
    "ClosedComment": "",
    "ClosedDate": null,
    "CommentCount": 0,
    "Custom": null,
    "Description": "AsmL-40620.zip does not compile under VS2008. It seems that the zip file does not include asmlc.bootx.exe. The package comes with asmlc.boot.exe instead. Could you please fix it?",
    "LastUpdatedDate": "2013-02-13T12:33:55.02-08:00",
    "PlannedForRelease": "",
    "ReleaseVisibleToPublic": false,
    "Priority": {
      "Name": "Low",
      "Severity": 50,
      "Id": 1
    },
    "ProjectName": "AsmL",
    "ReportedDate": "2010-10-31T06:13:09.497-07:00",
    "Status": {
      "Name": "Proposed",
      "Id": 1
    },
    "ReasonClosed": {
      "Name": "Unassigned"
    },
    "Summary": "asmlc.bootx.exe utility missing in AsmL-40620",
    "Type": {
      "Name": "Issue",
      "Id": 3
    },
    "VoteCount": 2,
    "Id": 7506
  },
  "FileAttachments": [],
  "Comments": []
}