{"Name":"Custom License","Text":"Microsoft Research License Agreement\nNon-Commercial Use Only \n<<Asml>>\n\n_____________________________________________________________________\n\nThis Microsoft Research License Agreement, including all exhibits (\"MSR-LA\") is a legal agreement between you and Microsoft Corporation (\u201CMicrosoft\u201D or \u201Cwe\u201D) for the software or data identified above, which may include source code, and any associated materials, text or speech files, associated media and \"online\" or electronic documentation and any updates we provide in our discretion (together, the \"Software\"). \n\nBy installing, copying, or otherwise using this Software, you agree to be bound by the terms of this MSR-LA. If you do not agree, do not install copy or use the Software. The Software is protected by copyright and other intellectual property laws and is licensed, not sold. \n\nSCOPE OF RIGHTS:\nYou may use, copy, reproduce, and distribute this Software for any non-commercial purpose, subject to the restrictions in this MSR-LA. Some purposes which can be non-commercial are teaching, academic research, public demonstrations and personal experimentation. You may also distribute this Software with books or other teaching materials, or publish the Software on websites, that are intended to teach the use of the Software for academic or other non-commercial purposes.\n\nYou may not use or distribute this Software or any derivative works in any form for commercial purposes. Examples of commercial purposes would be running business operations, licensing, leasing, or selling the Software, distributing the Software for use with commercial products, using the Software in the creation or use of commercial products or any other activity which purpose is to procure a commercial gain to you or others.\n\nIf the Software includes source code or data, you may create derivative works of such portions of the Software and distribute the modified Software for non-commercial purposes, as provided herein. \n\nIf you distribute the Software or any derivative works of the Software, you will distribute them under the same terms and conditions as in this license, and you will not grant other rights to the Software or derivative works that are different from those provided by this MSR-LA. \n\nIf you have created derivative works of the Software, and distribute such derivative works, you will cause the modified files to carry prominent notices so that recipients know that they are not receiving the original Software. Such notices must state: (i) that you have changed the Software; and (ii) the date of any changes.\n\nIn return, we simply require that you agree:\n\n1. That you will not remove any copyright or other notices from the Software.\n\n2. That if any of the Software is in binary format, you will not attempt to modify such portions of the Software, or to reverse engineer or decompile them, except and only to the extent authorized by applicable law. \n\n3. That any feedback about the Software provided by you to us is voluntarily given, and Microsoft shall be free to use the feedback as it sees fit without obligation or restriction of any kind, even if the feedback is designated by you as confidential. \n\n4. THAT THE SOFTWARE COMES \"AS IS\", WITH NO WARRANTIES. THIS MEANS NO EXPRESS, IMPLIED OR STATUTORY WARRANTY, INCLUDING WITHOUT LIMITATION, WARRANTIES OF MERCHANTABILITY OR FITNESS FOR A PARTICULAR PURPOSE, ANY WARRANTY AGAINST INTERFERENCE WITH YOUR ENJOYMENT OF THE SOFTWARE OR ANY WARRANTY OF TITLE OR NON-INFRINGEMENT. THERE IS NO WARRANTY THAT THIS SOFTWARE WILL FULFILL ANY OF YOUR PARTICULAR PURPOSES OR NEEDS. ALSO, YOU MUST PASS THIS DISCLAIMER ON WHENEVER YOU DISTRIBUTE THE SOFTWARE OR DERIVATIVE WORKS.\n\n5. THAT NEITHER MICROSOFT NOR ANY CONTRIBUTOR TO THE SOFTWARE WILL BE LIABLE FOR ANY DAMAGES RELATED TO THE SOFTWARE OR THIS MSR-LA, INCLUDING DIRECT, INDIRECT, SPECIAL, CONSEQUENTIAL OR INCIDENTAL DAMAGES, TO THE MAXIMUM EXTENT THE LAW PERMITS, NO MATTER WHAT LEGAL THEORY IT IS BASED ON. ALSO, YOU MUST PASS THIS LIMITATION OF LIABILITY ON WHENEVER YOU DISTRIBUTE THE SOFTWARE OR DERIVATIVE WORKS.\n\n6. That we have no duty of reasonable care or lack of negligence, and we are not obligated to (and will not) provide technical support for the Software.\n\n7. That if you breach this MSR-LA or if you sue anyone over patents that you think may apply to or read on the Software or anyone's use of the Software, this MSR-LA (and your license and rights obtained herein) terminate automatically. Upon any such termination, you shall destroy all of your copies of the Software immediately. Sections 3 through 7, 10 and 11 of this MSR-LA shall survive any termination of this MSR-LA.\n\n8. That the patent rights, if any, granted to you in this MSR-LA only apply to the Software, not to any derivative works you make.\n\n9. That the Software may be subject to U.S. export jurisdiction at the time it is licensed to you, and it may be subject to additional export or import laws in other places. You agree to comply with all such laws and regulations that may apply to the Software after delivery of the software to you.\n\n10. That all rights not expressly granted to you in this MSR-LA are reserved.\n\n11. That this MSR-LA shall be construed and controlled by the laws of the State of Washington, USA, without regard to conflicts of law. If any provision of this MSR-LA shall be deemed unenforceable or contrary to law, the rest of this MSR-LA shall remain in full effect and interpreted in an enforceable manner that most nearly captures the intent of the original language. ","Id":11434,"ShortName":"Custom","StartDate":"\/Date(1210343850977-0700)\/"}