[
  {
    "Title": "Compiling Instructions",
    "Id": "95352",
    "ParentWikiTitle": "Home",
    "FileExtension": "codeplexwiki",
    "UpdatedDate": "2008-06-05T13:48:04.323-07:00",
    "FileAttachments": []
  },
  {
    "Title": "Home",
    "Id": "95347",
    "ParentWikiTitle": "",
    "FileExtension": "codeplexwiki",
    "UpdatedDate": "2008-06-05T13:17:14.943-07:00",
    "FileAttachments": [
      {
        "Id": "5562dee7-8ccb-4d09-9909-34a89dc20384",
        "FileName": "AsmLLogo.gif",
        "DownloadUri": "./95347/5562dee7-8ccb-4d09-9909-34a89dc20384"
      },
      {
        "Id": "8baef88a-4dfc-45c5-a51d-e9e37edd4565",
        "FileName": "AsmLReference.doc",
        "DownloadUri": "./95347/8baef88a-4dfc-45c5-a51d-e9e37edd4565"
      },
      {
        "Id": "ffbbd54a-ae3f-4fbd-99f5-bdd586d73ba3",
        "FileName": "AsmLReferenceExamples.zip",
        "DownloadUri": "./95347/ffbbd54a-ae3f-4fbd-99f5-bdd586d73ba3"
      }
    ]
  },
  {
    "Title": "Examples",
    "Id": "94159",
    "ParentWikiTitle": "Home",
    "FileExtension": "codeplexwiki",
    "UpdatedDate": "2008-05-30T06:10:53.143-07:00",
    "FileAttachments": [
      {
        "Id": "7eac6a5c-f809-4969-a99f-3a17f21ed852",
        "FileName": "AsmLSamples.zip",
        "DownloadUri": "./94159/7eac6a5c-f809-4969-a99f-3a17f21ed852"
      },
      {
        "Id": "881d5834-ea89-4779-8e05-cd70abdb64c6",
        "FileName": "topsort.doc",
        "DownloadUri": "./94159/881d5834-ea89-4779-8e05-cd70abdb64c6"
      },
      {
        "Id": "9c3a9bf1-bd9a-4535-a397-74de4bd7f789",
        "FileName": "graphpartitioning.doc",
        "DownloadUri": "./94159/9c3a9bf1-bd9a-4535-a397-74de4bd7f789"
      },
      {
        "Id": "93ba1179-d514-4119-9b49-c589183094d7",
        "FileName": "sptree.doc",
        "DownloadUri": "./94159/93ba1179-d514-4119-9b49-c589183094d7"
      },
      {
        "Id": "3fe7e9cf-277b-4e8b-8f64-c443cbd47f19",
        "FileName": "stopwatch.doc",
        "DownloadUri": "./94159/3fe7e9cf-277b-4e8b-8f64-c443cbd47f19"
      },
      {
        "Id": "6e1fbf01-75f4-4f91-8afc-7bacda0eacf9",
        "FileName": "countingproblem.doc",
        "DownloadUri": "./94159/6e1fbf01-75f4-4f91-8afc-7bacda0eacf9"
      },
      {
        "Id": "c4775093-2815-4dbc-8338-60bd26cdb399",
        "FileName": "fadeterminization.doc",
        "DownloadUri": "./94159/c4775093-2815-4dbc-8338-60bd26cdb399"
      },
      {
        "Id": "cbcb4537-fd41-4fa3-94e5-5dca2e41e11b",
        "FileName": "faminimization.doc",
        "DownloadUri": "./94159/cbcb4537-fd41-4fa3-94e5-5dca2e41e11b"
      }
    ]
  }
]
