<?xml version="1.0" encoding="UTF-8"?>
<project basedir="." default="build" name="BancoAgitar">

<?eclipse.ant.import?>

	<property name="CRAP4J_HOME" value="/Users/bobevans/Documents/projects/crap4j/org.crap4j/dist/crap4j"/>
		<target name="run-crap4j">
		<crap4j projectdir="${basedir}">			
			<classes>
				<pathElement location="bin" />
			</classes>
			
			<srces>
				<pathElement location="src" />
			</srces>
			
			<testClasses>
				<fileset dir="bin">
					<include name="**/*Test.class" />
				</fileset>
			</testClasses>
			
			<libClasspath>
				
			</libClasspath>
		
		</crap4j>
	</target>
</project>
	