{
  "WorkItem": {
    "AffectedComponent": {
      "Name": "",
      "DisplayName": ""
    },
    "ClosedComment": "",
    "ClosedDate": null,
    "CommentCount": 0,
    "Custom": null,
    "Description": "Add additional sample grammars.",
    "LastUpdatedDate": "2017-12-07T20:42:32.577-08:00",
    "PlannedForRelease": "Alpha 2",
    "ReleaseVisibleToPublic": true,
    "Priority": {
      "Name": "Low",
      "Severity": 50,
      "Id": 1
    },
    "ProjectName": "lingua",
    "ReportedDate": "2009-10-23T19:05:55.757-07:00",
    "Status": {
      "Name": "Active",
      "Id": 2
    },
    "ReasonClosed": {
      "Name": "Unassigned"
    },
    "Summary": "Additional Sample Grammars",
    "Type": {
      "Name": "Feature",
      "Id": 1
    },
    "VoteCount": 1,
    "Id": 5957
  },
  "FileAttachments": [],
  "Comments": []
}