{
  "WorkItem": {
    "AffectedComponent": {
      "Name": "",
      "DisplayName": ""
    },
    "ClosedComment": "",
    "ClosedDate": "2009-10-24T17:03:07.023-07:00",
    "CommentCount": 0,
    "Custom": null,
    "Description": "Allow the RHS of a rule to specify an optional terminal or nonterminal.",
    "LastUpdatedDate": "2017-12-07T20:42:33.273-08:00",
    "PlannedForRelease": "Alpha 2",
    "ReleaseVisibleToPublic": true,
    "Priority": {
      "Name": "Low",
      "Severity": 50,
      "Id": 1
    },
    "ProjectName": "lingua",
    "ReportedDate": "2009-10-24T17:02:20.023-07:00",
    "Status": {
      "Name": "Closed",
      "Id": 4
    },
    "ReasonClosed": {
      "Name": "Unassigned"
    },
    "Summary": "Optional Terminal and Nonterminal Support",
    "Type": {
      "Name": "Feature",
      "Id": 1
    },
    "VoteCount": 1,
    "Id": 5988
  },
  "FileAttachments": [],
  "Comments": [
    {
      "Message": "Resolved with changeset 37095.",
      "PostedDate": "2009-10-24T17:03:07.023-07:00",
      "Id": -2147483648
    },
    {
      "Message": "",
      "PostedDate": "2013-02-12T19:09:11.957-08:00",
      "Id": -2147483648
    },
    {
      "Message": "",
      "PostedDate": "2013-05-14T17:22:58.157-07:00",
      "Id": -2147483648
    },
    {
      "Message": "",
      "PostedDate": "2017-12-07T20:42:33.273-08:00",
      "Id": -2147483648
    }
  ]
}