{
  "WorkItem": {
    "AffectedComponent": {
      "Name": "",
      "DisplayName": ""
    },
    "ClosedComment": "",
    "ClosedDate": null,
    "CommentCount": 0,
    "Custom": null,
    "Description": "Add ability to prioritize rules during conflict resolution.",
    "LastUpdatedDate": "2017-12-07T20:42:32.74-08:00",
    "PlannedForRelease": "Alpha 2",
    "ReleaseVisibleToPublic": true,
    "Priority": {
      "Name": "Medium",
      "Severity": 100,
      "Id": 2
    },
    "ProjectName": "lingua",
    "ReportedDate": "2009-10-23T19:07:41.8-07:00",
    "Status": {
      "Name": "Active",
      "Id": 2
    },
    "ReasonClosed": {
      "Name": "Unassigned"
    },
    "Summary": "Enhanced Rule Conflict Resolution",
    "Type": {
      "Name": "Feature",
      "Id": 1
    },
    "VoteCount": 1,
    "Id": 5958
  },
  "FileAttachments": [],
  "Comments": []
}