{
  "WorkItem": {
    "AffectedComponent": {
      "Name": "",
      "DisplayName": ""
    },
    "ClosedComment": "",
    "ClosedDate": "2009-10-25T16:33:23.85-07:00",
    "CommentCount": 0,
    "Custom": null,
    "Description": "Add XML source code documentation.",
    "LastUpdatedDate": "2017-12-07T20:42:32.267-08:00",
    "PlannedForRelease": "Alpha 2",
    "ReleaseVisibleToPublic": true,
    "Priority": {
      "Name": "Low",
      "Severity": 50,
      "Id": 1
    },
    "ProjectName": "lingua",
    "ReportedDate": "2009-10-23T19:05:04.4-07:00",
    "Status": {
      "Name": "Closed",
      "Id": 4
    },
    "ReasonClosed": {
      "Name": "Unassigned"
    },
    "Summary": "XML Source Code Documentation",
    "Type": {
      "Name": "Feature",
      "Id": 1
    },
    "VoteCount": 1,
    "Id": 5956
  },
  "FileAttachments": [],
  "Comments": [
    {
      "Message": "Associated with changeset 37021.",
      "PostedDate": "2009-10-24T00:36:55.887-07:00",
      "Id": -2147483648
    },
    {
      "Message": "Associated with changeset 37024.",
      "PostedDate": "2009-10-24T00:56:47.957-07:00",
      "Id": -2147483648
    },
    {
      "Message": "Associated with changeset 37025.",
      "PostedDate": "2009-10-24T01:26:11.83-07:00",
      "Id": -2147483648
    },
    {
      "Message": "Associated with changeset 37095.",
      "PostedDate": "2009-10-24T17:03:06.32-07:00",
      "Id": -2147483648
    },
    {
      "Message": "Resolved with changeset 37206.",
      "PostedDate": "2009-10-25T16:33:23.85-07:00",
      "Id": -2147483648
    },
    {
      "Message": "",
      "PostedDate": "2013-02-12T19:09:13.647-08:00",
      "Id": -2147483648
    },
    {
      "Message": "",
      "PostedDate": "2013-05-14T17:22:58.657-07:00",
      "Id": -2147483648
    },
    {
      "Message": "",
      "PostedDate": "2017-12-07T20:42:32.267-08:00",
      "Id": -2147483648
    }
  ]
}