[
  {
    "Id": "0",
    "Name": "Alpha 2",
    "DevelopmentStatus": "Planning",
    "Description": "Release objectives:\n* Validate design against additional grammars.\n* Improve documentation.",
    "ReleasedDatge": "0001-01-01T00:00:00",
    "ModifiedDate": "2009-10-22T21:55:47.37-07:00",
    "Files": []
  },
  {
    "Id": "1",
    "Name": "Lingua.NET Beta Release 1",
    "DevelopmentStatus": "Beta",
    "Description": "This installer places the primary Lingua.NET assembly lingua.dll in the Lingua.NET program folder.  To use Lingua.NET, simply add a project reference to this assembly.",
    "ReleasedDatge": "0001-01-01T00:00:00",
    "ModifiedDate": "2010-01-30T23:40:01.103-08:00",
    "Files": [
      {
        "Id": "69d4184f-bbdb-4da9-a0c3-ef40a90b6292",
        "FileName": "LinguaSetup.msi",
        "Url": "./1/69d4184f-bbdb-4da9-a0c3-ef40a90b6292",
        "Type": "Application",
        "UploadDate": "2010-01-30T23:39:28.267-08:00"
      }
    ]
  }
]