[
  {
    "Title": "Documentation",
    "Id": "225243",
    "ParentWikiTitle": "Documentation",
    "FileExtension": "codeplexwiki",
    "UpdatedDate": "2010-01-06T21:00:49.453-08:00",
    "FileAttachments": []
  },
  {
    "Title": "Home",
    "Id": "201330",
    "ParentWikiTitle": "Home",
    "FileExtension": "codeplexwiki",
    "UpdatedDate": "2009-10-22T21:42:14.827-07:00",
    "FileAttachments": []
  },
  {
    "Title": "Specifying a Grammar",
    "Id": "199416",
    "ParentWikiTitle": "Documentation",
    "FileExtension": "codeplexwiki",
    "UpdatedDate": "2009-10-17T16:33:27.55-07:00",
    "FileAttachments": []
  }
]
