<?xml version="1.0" ?>
<project name="BancoAgitar" default="agitar-all">
	
	
	<!-- Root directory of your eclipse installation -->
	<property name="eclipse.install.dir" value="C:/Program Files/eclipse-SDK-3.2.1-win32/eclipse"/>
	
	
	<!-- Agitar Build Number -->
	<property name="agitar.build.num" value="4.0.0.400402"/>
	
	
	<!-- Location of the import files for the agitar ant tasks taskdefs -->
	<property name="agitarant.import.dir" value="${eclipse.install.dir}/plugins/com.agitar.agitator_${agitar.build.num}/config"/>
	
	
	<!-- Import the agitar ant taskdefs -->
	<import file="${agitarant.import.dir}/agitar_ant.xml"/>
	
	
	<!-- Project Definitions -->
	
	
	
	<!-- Agitar project definition for BancoAgitar project -->
	<agitar-project id="BancoAgitar.project" projectDir="${basedir}" agitarDir="agitar" resultDir="agitar/.results" generatedTestDir="${basedir}" configDir="agitar/config" reportOutputDir="agitar/reports/latest" dataDir="agitar/reports/latest/data" testResultsDir="agitar/.junitresults" agitationVmArgs="" projectName="BancoAgitar" serverRootURL="http://localhost:8080/">
		<sourcePath>
			<pathElement location="manualJUnitTests"/>
			<pathElement location="src"/>
			<pathElement location="agitar/test"/>
		</sourcePath>
		<targetClasspath>
			<pathElement location="bin"/>
		</targetClasspath>
		<libClasspath>
			<pathElement location="${eclipse.install.dir}/plugins/org.junit_3.8.1/junit.jar"/>
			<pathElement location="${eclipse.install.dir}/plugins/com.agitar.eclipse.testrunner_${agitar.build.num}/lib/ext/org.agitar.mock.jar"/>
			<pathElement location="${eclipse.install.dir}/plugins/com.agitar.eclipse.testrunner_${agitar.build.num}/com.agitar.mockingbird.jar"/>
		</libClasspath>
	</agitar-project>
	
	
	<!-- Configuration for agitation -->
	<agitar-config id="BancoAgitar.config" local="false"/>
	
	
	<!-- Default target -->
	<target name="agitar-all" depends="agitate, run-tests, checkrules, quicklist, dashboard, email"/>
	
	
	<!-- Agitate the project remotely on the server -->
	<target name="agitate">
		<agitate projectid="BancoAgitar.project" configid="BancoAgitar.config"/>
	</target>
	
	
	<!-- Run the code rules checker -->
	<target name="checkrules">
		<checkrules projectid="BancoAgitar.project" configid="BancoAgitar.config"/>
	</target>
	
	
	<!-- Select classes for agitation -->
	<target name="quicklist">
		<quicklist projectid="BancoAgitar.project" configid="BancoAgitar.config"/>
	</target>
	
	
	<!-- Generate a dashboard -->
	<target name="dashboard">
		<dashboard projectid="BancoAgitar.project" configid="BancoAgitar.config"/>
		<echo message="Dashboard generated at C:\Documents and Settings\Demo\My Documents\EclipseWorkspace\BancoAgitar\agitar\reports\latest\index.html" level="info"/>
	</target>
	
	
	<!-- Email task -->
	<target name="email">
		<email projectid="BancoAgitar.project" configid="BancoAgitar.config"/>
	</target>
	
	
	<!-- Run the tests for this project -->
	<target name="run-tests">
		<property name="test.results.dir" value="agitar/.junitresults"/>
		<mkdir dir="${test.results.dir}"/>
		<super-runner fork="true" dir="${basedir}" batchSize="5" printsummary="yes" haltonfailure="no">
			<jvmarg value="-Xmx256M"/>
			<formatter type="xml"/>
			<classpath>
				<pathElement location="bin"/>
				<pathElement location="${eclipse.install.dir}/plugins/org.junit_3.8.1/junit.jar"/>
				<pathElement location="${eclipse.install.dir}/plugins/com.agitar.eclipse.testrunner_${agitar.build.num}/lib/ext/org.agitar.mock.jar"/>
				<pathElement location="${eclipse.install.dir}/plugins/com.agitar.eclipse.testrunner_${agitar.build.num}/com.agitar.mockingbird.jar"/>
			</classpath>
			<batchtest fork="yes" todir="${test.results.dir}">
				<fileset dir="bin">
					<include name="**/*Test*.class"/>
				</fileset>
			</batchtest>
		</super-runner>
	</target>
</project>
