<?xml version="1.0" ?>
<project name="BancoAgitar" default="agitar-all">

	<!-- Use of ${project.dir.BancoAgitar} allows for the resolution of relative paths even when this file is imported in another build file -->
	<dirname file="${ant.file.BancoAgitar}" property="import.dir.BancoAgitar"/>
	<condition property="project.dir.BancoAgitar" value="${import.dir.BancoAgitar}" else="${basedir}">
<isset property="import.dir.BancoAgitar"/>
	</condition>

<taskdef name="super-runner" classname="com.agitar.junit.runner.SuperRunnerTask">
<classpath>
		<pathelement location="/Users/bobevans/Documents/projects/crap4jwebinar/BancoAgitar/crap4j/lib/com.agitar.eclipse.coverage_4.2.0.401405/com.agitar.common.jar" />
		<pathelement location="/Users/bobevans/Documents/projects/crap4jwebinar/BancoAgitar/crap4j/lib/com.agitar.eclipse.coverage_4.2.0.401405/com.agitar.coverage.jar" />
		<pathelement location="/Users/bobevans/Documents/projects/crap4jwebinar/BancoAgitar/crap4j/lib/com.agitar.eclipse.api_4.2.0.401405/com.agitar.mockingbird.jar" />
	  <pathelement location="/Users/bobevans/Documents/projects/crap4jwebinar/BancoAgitar/crap4j/lib/com.agitar.eclipse.api_4.2.0.401405/com.agitar.testrunner.jar" />
		<fileset dir="/Users/bobevans/Documents/projects/crap4jwebinar/BancoAgitar/crap4j/lib/com.agitar.eclipse.api_4.2.0.401405/lib">
		  <include name="**/*.jar" />
    </fileset>
    <fileset dir="/Users/bobevans/Documents/projects/crap4jwebinar/BancoAgitar/crap4j/lib/com.agitar.eclipse.coverage_4.2.0.401405/lib">
	    <include name="**/*.jar" />
    </fileset>
  </classpath>
</taskdef>
	
	
	<!-- Default target -->
	<target name="agitar-all" depends="run-tests"/>
	
	
	<!-- Cleans old agitation results and coverage -->
	<target name="clean-results">
		<delete dir="${basedir}/agitar/.results" quiet="true"/>
	</target>
	
	<!-- Run the tests for this project -->

	<target name="run-tests">
		<property name="test.results.dir" value="${project.dir.BancoAgitar}/agitar/.junitresults"/>
		<mkdir dir="${test.results.dir}"/>
		<super-runner dir="${basedir}" batchSize="5" printsummary="yes" mergeCoverage="true" haltonfailure="no" resultsDir="${project.dir.BancoAgitar}/agitar/.results">
			<jvmarg value="-Xmx512M"/>
			<jvmarg value="-ea"/>
			<jvmarg value="-Djava.awt.headless"/>
			<formatter type="xml"/>
			<classpath>
         				<pathElement location="/Users/bobevans/Documents/projects/crap4jwebinar/BancoAgitar/bin"/>
				<pathElement location="/Users/bobevans/Documents/projects/crap4jwebinar/BancoAgitar/test_bin"/>
			</classpath>
			<batchtest todir="${test.results.dir}">
        				<fileset dir="/Users/bobevans/Documents/projects/crap4jwebinar/BancoAgitar/test_bin">
					<include name="**/*Test.class"/>
					<include name="**/Test*.class"/>
				</fileset>
			</batchtest>
		</super-runner>
	</target>
	
</project>