<?xml version='1.0' encoding='UTF-8'?>
<!--
  Copyright (c) 2011, DropboxMQ, http://dropboxmq.sf.net & Dwayne Schultz
  All rights reserved.

  Redistribution and use in source and binary forms, with or without
  modification, are permitted provided that the following conditions are
  met:

     * Redistributions of source code must retain the above copyright
       notice, this list of conditions and the following disclaimer.
     * Redistributions in binary form must reproduce the above copyright
       notice, this list of conditions and the following disclaimer in the
       documentation and/or other materials provided with the distribution.
     * Neither the name of DropboxMQ nor the names of its contributors may
       be used to endorse or promote products derived from this software
       without specific prior written permission.

  THIS SOFTWARE IS PROVIDED BY THE COPYRIGHT HOLDERS AND CONTRIBUTORS
  "AS IS" AND ANY EXPRESS OR IMPLIED WARRANTIES, INCLUDING, BUT NOT
  LIMITED TO, THE IMPLIED WARRANTIES OF MERCHANTABILITY AND FITNESS FOR A
  PARTICULAR PURPOSE ARE DISCLAIMED. IN NO EVENT SHALL THE COPYRIGHT OWNER
  OR CONTRIBUTORS BE LIABLE FOR ANY DIRECT, INDIRECT, INCIDENTAL, SPECIAL,
  EXEMPLARY, OR CONSEQUENTIAL DAMAGES (INCLUDING, BUT NOT LIMITED TO,
  PROCUREMENT OF SUBSTITUTE GOODS OR SERVICES; LOSS OF USE, DATA, OR
  PROFITS; OR BUSINESS INTERRUPTION) HOWEVER CAUSED AND ON ANY THEORY OF
  LIABILITY, WHETHER IN CONTRACT, STRICT LIABILITY, OR TORT (INCLUDING
  NEGLIGENCE OR OTHERWISE) ARISING IN ANY WAY OUT OF THE USE OF THIS
  SOFTWARE, EVEN IF ADVISED OF THE POSSIBILITY OF SUCH DAMAGE.
  -->
<!--
 jboss deploy file for the ESB application.

 Created: 30 Nov 2010
 @author <a href="mailto:dwayne@schultz.net">Dwayne Schultz</a>
 @version $Revision: 211 $, $Date: 2010-11-14 14:21:24 -0700 (Sun, 14 Nov 2010) $
-->
<application xmlns="http://java.sun.com/xml/ns/javaee" xmlns:xsi="http://www.w3.org/2001/XMLSchema-instance"
        xsi:schemaLocation="http://java.sun.com/xml/ns/javaee http://java.sun.com/xml/ns/javaee/application_5.xsd"
        version="5">
    <display-name>DropboxMQ ESB</display-name>
    <!-- NB:  Embedded rar support currently disabled
    <module>
        <connector>dropboxmq.rar</connector>
    </module>
    -->
    <module>
        <ejb>dropboxmq_esb.jar</ejb>
    </module>
    <module>
        <web>
            <web-uri>dropboxmq_esb.war</web-uri>
            <context-root>/dropboxmq</context-root>
        </web>
    </module>
</application>
