<?xml version="1.0" encoding="UTF-8" ?>
<!--
  Copyright (c) 2011, DropboxMQ, http://dropboxmq.sf.net & Dwayne Schultz
  All rights reserved.

  Redistribution and use in source and binary forms, with or without
  modification, are permitted provided that the following conditions are
  met:

  * Redistributions of source code must retain the above copyright
  notice, this list of conditions and the following disclaimer.
  * Redistributions in binary form must reproduce the above copyright
  notice, this list of conditions and the following disclaimer in the
  documentation and/or other materials provided with the distribution.
  * Neither the name of DropboxMQ nor the names of its contributors may
  be used to endorse or promote products derived from this software
  without specific prior written permission.

  THIS SOFTWARE IS PROVIDED BY THE COPYRIGHT HOLDERS AND CONTRIBUTORS
  "AS IS" AND ANY EXPRESS OR IMPLIED WARRANTIES, INCLUDING, BUT NOT
  LIMITED TO, THE IMPLIED WARRANTIES OF MERCHANTABILITY AND FITNESS FOR A
  PARTICULAR PURPOSE ARE DISCLAIMED. IN NO EVENT SHALL THE COPYRIGHT OWNER
  OR CONTRIBUTORS BE LIABLE FOR ANY DIRECT, INDIRECT, INCIDENTAL, SPECIAL,
  EXEMPLARY, OR CONSEQUENTIAL DAMAGES (INCLUDING, BUT NOT LIMITED TO,
  PROCUREMENT OF SUBSTITUTE GOODS OR SERVICES; LOSS OF USE, DATA, OR
  PROFITS; OR BUSINESS INTERRUPTION) HOWEVER CAUSED AND ON ANY THEORY OF
  LIABILITY, WHETHER IN CONTRACT, STRICT LIABILITY, OR TORT (INCLUDING
  NEGLIGENCE OR OTHERWISE) ARISING IN ANY WAY OUT OF THE USE OF THIS
  SOFTWARE, EVEN IF ADVISED OF THE POSSIBILITY OF SUCH DAMAGE.
  -->

<!DOCTYPE log4j:configuration SYSTEM "log4j.dtd">
<!--
 Log4j configuration while running all tests except compliance tests.

 Created: 19 Dec 2010
 @author <a href="mailto:dwayne@schultz.net">Dwayne Schultz</a>
 @version $Revision: 221 $, $Date: 2011-01-30 22:07:27 -0700 (Sun, 30 Jan 2011) $
-->
<log4j:configuration xmlns:log4j='http://jakarta.apache.org/log4j/'>
    <appender name="log" class="org.apache.log4j.DailyRollingFileAppender">
        <param name="Threshold" value="TRACE"/>
        <param name="DatePattern" value="'.'yyyy-MM-dd"/>
        <param name="File" value="${jboss.server.log.dir}/dropboxmq_esb.log"/>
        <layout class="org.apache.log4j.PatternLayout">
            <param name="ConversionPattern" value="%d{yyyy'-'MM'-'dd'T'HH:mm:ss.SSS'Z'} %t | %-5p | %c{1} | %m%n"/>
        </layout>
    </appender>

    <root>
        <priority value="TRACE"/>
        <appender-ref ref="log"/>
    </root>

</log4j:configuration>


        <!--

           Log4J Configuration Quick Reference:
           ====================================


           Priority order is TRACE < DEBUG < INFO < WARN < ERROR < FATAL


           PatternLayout conversion characters:

            %c   Category of the logging event
            %C   Fully qualified class name of the caller
            %d   Date of the logging event  (example: %d{HH:mm:ss,SSS} )
            %F   File name where the logging request was issued (caution: extremely slow)
            %l   Location information of the caller (caution: extremely slow)
            %L   Line number from where the logging request was issued (caution: extremely slow)
            %m   Application-supplied message
            %M   Method name from where the logging request was issued (caution: extremely slow)
            %n   Line separator
            %p   Priority of the logging event
            %r   Number of milliseconds since the start of the application
            %t   Name of the thread that generated the logging event
            %x   Nested diagnotic context associated with the thread
            %%   A single percent sign

           Format modifiers examples:

            %20c     Left pad with spaces if category is less than 20 characters long
            %-20c    Right pad with spaces if category is less than 20 characters long
            %.30c    Truncate from the beginning if category is more than 30 chars long
            %20.30c  Left pad 20 chars + truncate from beginning if more than 30 chars
            %-20.30c Right pad 20 chars + truncate from beginning if more than 30 chars

           Examples:  "%r [%t] %-5p %c %x - %m\n"
                      "%-6r [%15.15t] %-5p %30.30c %x - %m\n"

        -->
