<?xml version="1.0"?>
<!--
  Copyright (c) 2011, DropboxMQ, http://dropboxmq.sf.net & Dwayne Schultz
  All rights reserved.

  Redistribution and use in source and binary forms, with or without
  modification, are permitted provided that the following conditions are
  met:

  * Redistributions of source code must retain the above copyright
  notice, this list of conditions and the following disclaimer.
  * Redistributions in binary form must reproduce the above copyright
  notice, this list of conditions and the following disclaimer in the
  documentation and/or other materials provided with the distribution.
  * Neither the name of DropboxMQ nor the names of its contributors may
  be used to endorse or promote products derived from this software
  without specific prior written permission.

  THIS SOFTWARE IS PROVIDED BY THE COPYRIGHT HOLDERS AND CONTRIBUTORS
  "AS IS" AND ANY EXPRESS OR IMPLIED WARRANTIES, INCLUDING, BUT NOT
  LIMITED TO, THE IMPLIED WARRANTIES OF MERCHANTABILITY AND FITNESS FOR A
  PARTICULAR PURPOSE ARE DISCLAIMED. IN NO EVENT SHALL THE COPYRIGHT OWNER
  OR CONTRIBUTORS BE LIABLE FOR ANY DIRECT, INDIRECT, INCIDENTAL, SPECIAL,
  EXEMPLARY, OR CONSEQUENTIAL DAMAGES (INCLUDING, BUT NOT LIMITED TO,
  PROCUREMENT OF SUBSTITUTE GOODS OR SERVICES; LOSS OF USE, DATA, OR
  PROFITS; OR BUSINESS INTERRUPTION) HOWEVER CAUSED AND ON ANY THEORY OF
  LIABILITY, WHETHER IN CONTRACT, STRICT LIABILITY, OR TORT (INCLUDING
  NEGLIGENCE OR OTHERWISE) ARISING IN ANY WAY OUT OF THE USE OF THIS
  SOFTWARE, EVEN IF ADVISED OF THE POSSIBILITY OF SUCH DAMAGE.
  -->
<!--
 Overrides some values in ra.xml.

 Created: 19 Dec 2010
 @author <a href="mailto:dwayne@schultz.net">Dwayne Schultz</a>
 @version $Revision: 218 $, $Date: 2010-11-30 21:55:18 -0700 (Tue, 30 Nov 2010) $
-->
<jboss-ra>
    <ra-config-property>
        <ra-config-property-name>root</ra-config-property-name>
        <ra-config-property-type>java.lang.String</ra-config-property-type>
        <!-- This is a good default for jboss.  The recommendation would be to 1) use this directory, 2) make this
            path a soft-link to a shared directory, or 3) if both 1 and 2 don't work, modify this file to point to a
            root of your choice. -->
        <ra-config-property-value>${jboss.server.data.dir}/dropboxmq-root</ra-config-property-value>
    </ra-config-property>
</jboss-ra>
