<?xml version="1.0"?>
<!--
  Copyright (c) 2011, DropboxMQ, http://dropboxmq.sf.net & Dwayne Schultz
  All rights reserved.

  Redistribution and use in source and binary forms, with or without
  modification, are permitted provided that the following conditions are
  met:

     * Redistributions of source code must retain the above copyright
       notice, this list of conditions and the following disclaimer.
     * Redistributions in binary form must reproduce the above copyright
       notice, this list of conditions and the following disclaimer in the
       documentation and/or other materials provided with the distribution.
     * Neither the name of DropboxMQ nor the names of its contributors may
       be used to endorse or promote products derived from this software
       without specific prior written permission.

  THIS SOFTWARE IS PROVIDED BY THE COPYRIGHT HOLDERS AND CONTRIBUTORS
  "AS IS" AND ANY EXPRESS OR IMPLIED WARRANTIES, INCLUDING, BUT NOT
  LIMITED TO, THE IMPLIED WARRANTIES OF MERCHANTABILITY AND FITNESS FOR A
  PARTICULAR PURPOSE ARE DISCLAIMED. IN NO EVENT SHALL THE COPYRIGHT OWNER
  OR CONTRIBUTORS BE LIABLE FOR ANY DIRECT, INDIRECT, INCIDENTAL, SPECIAL,
  EXEMPLARY, OR CONSEQUENTIAL DAMAGES (INCLUDING, BUT NOT LIMITED TO,
  PROCUREMENT OF SUBSTITUTE GOODS OR SERVICES; LOSS OF USE, DATA, OR
  PROFITS; OR BUSINESS INTERRUPTION) HOWEVER CAUSED AND ON ANY THEORY OF
  LIABILITY, WHETHER IN CONTRACT, STRICT LIABILITY, OR TORT (INCLUDING
  NEGLIGENCE OR OTHERWISE) ARISING IN ANY WAY OUT OF THE USE OF THIS
  SOFTWARE, EVEN IF ADVISED OF THE POSSIBILITY OF SUCH DAMAGE.
  -->
<!--
 Resource Adapter deployment descriptor.

 Created: 04 Mar 2007
 @author <a href="mailto:dwayne@schultz.net">Dwayne Schultz</a>
 @version $Revision: 231 $, $Date: 2011-08-12 21:50:47 -0600 (Fri, 12 Aug 2011) $
-->
<connector xmlns="http://java.sun.com/xml/ns/j2ee" xmlns:xsi="http://www.w3.org/2001/XMLSchema-instance"
        xsi:schemaLocation="http://java.sun.com/xml/ns/j2ee http://java.sun.com/xml/ns/j2ee/connector_1_5.xsd"
        version="1.5">
    <description>DropboxMQ JMS Resource Adapter</description>
    <display-name>DropboxMQ JMS Resource Adapter</display-name>
    <vendor-name>DropboxMQ, http://dropboxmq.sf.net &amp; Dwayne Schultz</vendor-name>
    <eis-type>JMS 1.1 Provider</eis-type>
    <resourceadapter-version>1.2</resourceadapter-version>
    <license>
        <description>
            Copyright (c) 2011, DropboxMQ, http://dropboxmq.sf.net &amp; Dwayne Schultz
            All rights reserved.

            Redistribution and use in source and binary forms, with or without modification, are permitted provided
            that the following conditions are met:

               * Redistributions of source code must retain the above copyright notice, this list of conditions and the
                 following disclaimer.
               * Redistributions in binary form must reproduce the above copyright notice, this list of conditions and
                 the following disclaimer in the documentation and/or other materials provided with the distribution.
               * Neither the name of DropboxMQ nor the names of its contributors may be used to endorse or promote
                 products derived from this software without specific prior written permission.

            THIS SOFTWARE IS PROVIDED BY THE COPYRIGHT HOLDERS AND CONTRIBUTORS "AS IS" AND ANY EXPRESS OR IMPLIED
            WARRANTIES, INCLUDING, BUT NOT LIMITED TO, THE IMPLIED WARRANTIES OF MERCHANTABILITY AND FITNESS FOR A
            PARTICULAR PURPOSE ARE DISCLAIMED. IN NO EVENT SHALL THE COPYRIGHT OWNER OR CONTRIBUTORS BE LIABLE FOR ANY
            DIRECT, INDIRECT, INCIDENTAL, SPECIAL, EXEMPLARY, OR CONSEQUENTIAL DAMAGES (INCLUDING, BUT NOT LIMITED TO,
            PROCUREMENT OF SUBSTITUTE GOODS OR SERVICES; LOSS OF USE, DATA, OR PROFITS; OR BUSINESS INTERRUPTION)
            HOWEVER CAUSED AND ON ANY THEORY OF LIABILITY, WHETHER IN CONTRACT, STRICT LIABILITY, OR TORT (INCLUDING
            NEGLIGENCE OR OTHERWISE) ARISING IN ANY WAY OUT OF THE USE OF THIS SOFTWARE, EVEN IF ADVISED OF THE
            POSSIBILITY OF SUCH DAMAGE.
        </description>
        <license-required>true</license-required>
    </license>

    <resourceadapter>

        <resourceadapter-class>net.sf.dropboxmq.resource.spi.ResourceAdapterImpl</resourceadapter-class>

        <config-property>
            <description>
                Specifies the file path to the root directory that contains dropboxes.
            </description>
            <config-property-name>root</config-property-name>
            <config-property-type>java.lang.String</config-property-type>
        </config-property>

        <config-property>
            <description>
                Limits the number of times a message will be moved back to the target directory as the result of the
                message being recovered.  If a message is being recovered and the number of redelivery attempts has
                been exceeded, the message will be moved to the error directory.  Otherwise recovering a message causes
                it to be moved back to the target directory.  Message recovery typically happens as the result of an
                application error while consuming a message.  A message that has been moved to the error directory can
                always be manually moved to the target directory to attempt additional redeliveries.
            </description>
            <config-property-name>redeliveryAttempts</config-property-name>
            <config-property-type>java.lang.Integer</config-property-type>
            <config-property-value>0</config-property-value>
        </config-property>

        <config-property>
            <description>
                If true, successfully consumed messages, successfully committed transactions and successfully
                rolled-back transactions will be deleted. The default behaviour is to move successfully consumed
                messages to the processed directory, successfully committed transactions to the committed directory and
                successfully rolled-back transactions to the rolled-back directory.
            </description>
            <config-property-name>deleteProcessedMessages</config-property-name>
            <config-property-type>java.lang.Boolean</config-property-type>
            <config-property-value>false</config-property-value>
        </config-property>

        <config-property>
            <description>
                If true, expired messages will be deleted. The default behaviour is to move expired messages to the
                expired directory.
            </description>
            <config-property-name>deleteExpiredMessages</config-property-name>
            <config-property-type>java.lang.Boolean</config-property-type>
            <config-property-value>false</config-property-value>
        </config-property>

        <config-property>
            <description>
                If true, committed and rolled-back transactions will be deleted. The default behaviour is to move
                committed transactions to the committed directory and rolled-back transactions to the rolled-back
                directory.
            </description>
            <config-property-name>deleteCompleteTransactions</config-property-name>
            <config-property-type>java.lang.Boolean</config-property-type>
            <config-property-value>true</config-property-value>
        </config-property>

        <config-property>
            <description>
                If true, dropboxes being deleted by a call to TemporaryQueue.delete(), TemporaryTopic.delete() or
                DirectoryStructure.deleteDropbox() will not actually delete the dropbox but instead rename it to
                {name}.deleted-{timestamp}. If false, the dropbox and any messages contained within it will be deleted.
            </description>
            <config-property-name>preserveDeletedDropboxes</config-property-name>
            <config-property-type>java.lang.Boolean</config-property-type>
            <config-property-value>true</config-property-value>
        </config-property>

        <config-property>
            <description>
                If true, expiration checks not performed and messages are consumed regardless of whether they are
                expired or not.
            </description>
            <config-property-name>consumeExpiredMessages</config-property-name>
            <config-property-type>java.lang.Boolean</config-property-type>
            <config-property-value>false</config-property-value>
        </config-property>

        <config-property>
            <description>
                Specifies in milliseconds the amount of time a message consumer will wait between scans of the target
                directory when waiting for an extended amount of time for a message.  Note that if this property is too
                small, DropboxMQ will spend a noticeable amount of CPU even when idle.  If this property is too large,
                there may be some delay before messages are consumed.
            </description>
            <config-property-name>pollingInterval</config-property-name>
            <config-property-type>java.lang.Long</config-property-type>
            <config-property-value>300</config-property-value>
        </config-property>

        <config-property>
            <description>
                Specifies in milliseconds the amount of time DropboxMQ will use a directory listing of the target
                directory before the listing is considered stale, causing DropboxMQ to rescan the directory.  Note that
                if this property is too small and a dropbox has a large backlog (hundreds of messages), DropboxMQ will
                spend much time sorting incoming messages.  If this property is too large, low priority messages may be
                consumed before late arriving high priority messages.
            </description>
            <config-property-name>targetScanTimeout</config-property-name>
            <config-property-type>java.lang.Long</config-property-type>
            <config-property-value>30000</config-property-value>
        </config-property>

        <config-property>
            <description>
                Specifies the implementation of net.sf.dropboxmq.messagetranscoders.MessageTranscoderFactory that will
                be used.  This factory will be used to create message comparators and transcoders.  The comparators are
                used for sorting messages.  The transcoders implement
                net.sf.dropboxmq.messagetranscoders.MessageTranscoder and are used for encoding and decoding message
                metadata (priority, message id, properties, etc.).  Custom factories can be used to read and write
                metadata for messages that were produced by or will be consumed by clients that do not use DropboxMQ.
            </description>
            <config-property-name>messageTranscoderFactory</config-property-name>
            <config-property-type>java.lang.String</config-property-type>
            <config-property-value/>
        </config-property>

        <config-property>
            <description>
                Specifies the filename of property file that will be read using the class loader.  These properties will
                take precendence over any property specified in the deployment descriptor.
            </description>
            <config-property-name>classLoadedProperties</config-property-name>
            <config-property-type>java.lang.String</config-property-type>
            <config-property-value/>
        </config-property>

        <outbound-resourceadapter>

            <connection-definition>
                <managedconnectionfactory-class>
                    net.sf.dropboxmq.resource.spi.factories.ManagedConnectionFactoryImpl
                </managedconnectionfactory-class>
                <connectionfactory-interface>javax.jms.ConnectionFactory</connectionfactory-interface>
                <connectionfactory-impl-class>
                    net.sf.dropboxmq.connectionfactories.ConnectionFactoryImpl
                </connectionfactory-impl-class>
                <connection-interface>javax.jms.Connection</connection-interface>
                <connection-impl-class>
                    net.sf.dropboxmq.connections.ConnectionImpl
                </connection-impl-class>
            </connection-definition>

            <connection-definition>
                <managedconnectionfactory-class>
                    net.sf.dropboxmq.resource.spi.factories.QueueManagedConnectionFactoryImpl
                </managedconnectionfactory-class>
                <connectionfactory-interface>javax.jms.QueueConnectionFactory</connectionfactory-interface>
                <connectionfactory-impl-class>
                    net.sf.dropboxmq.connectionfactories.QueueConnectionFactoryImpl
                </connectionfactory-impl-class>
                <connection-interface>javax.jms.QueueConnection</connection-interface>
                <connection-impl-class>
                    net.sf.dropboxmq.connections.QueueConnectionImpl
                </connection-impl-class>
            </connection-definition>

            <connection-definition>
                <managedconnectionfactory-class>
                    net.sf.dropboxmq.resource.spi.factories.TopicManagedConnectionFactoryImpl
                </managedconnectionfactory-class>
                <connectionfactory-interface>javax.jms.TopicConnectionFactory</connectionfactory-interface>
                <connectionfactory-impl-class>
                    net.sf.dropboxmq.connectionfactories.TopicConnectionFactoryImpl
                </connectionfactory-impl-class>
                <connection-interface>javax.jms.TopicConnection</connection-interface>
                <connection-impl-class>
                    net.sf.dropboxmq.connections.TopicConnectionImpl
                </connection-impl-class>
            </connection-definition>

            <connection-definition>
                <managedconnectionfactory-class>
                    net.sf.dropboxmq.resource.spi.factories.XAManagedConnectionFactoryImpl
                </managedconnectionfactory-class>
                <connectionfactory-interface>javax.jms.XAConnectionFactory</connectionfactory-interface>
                <connectionfactory-impl-class>
                    net.sf.dropboxmq.connectionfactories.XAConnectionFactoryImpl
                </connectionfactory-impl-class>
                <connection-interface>javax.jms.XAConnection</connection-interface>
                <connection-impl-class>
                    net.sf.dropboxmq.connections.XAConnectionImpl
                </connection-impl-class>
            </connection-definition>

            <connection-definition>
                <managedconnectionfactory-class>
                    net.sf.dropboxmq.resource.spi.factories.XAQueueManagedConnectionFactoryImpl
                </managedconnectionfactory-class>
                <connectionfactory-interface>javax.jms.XAQueueConnectionFactory</connectionfactory-interface>
                <connectionfactory-impl-class>
                    net.sf.dropboxmq.connectionfactories.XAQueueConnectionFactoryImpl
                </connectionfactory-impl-class>
                <connection-interface>javax.jms.XAQueueConnection</connection-interface>
                <connection-impl-class>
                    net.sf.dropboxmq.connections.XAQueueConnectionImpl
                </connection-impl-class>
            </connection-definition>

            <connection-definition>
                <managedconnectionfactory-class>
                    net.sf.dropboxmq.resource.spi.factories.XATopicManagedConnectionFactoryImpl
                </managedconnectionfactory-class>
                <connectionfactory-interface>javax.jms.XATopicConnectionFactory</connectionfactory-interface>
                <connectionfactory-impl-class>
                    net.sf.dropboxmq.connectionfactories.XATopicConnectionFactoryImpl
                </connectionfactory-impl-class>
                <connection-interface>javax.jms.XATopicConnection</connection-interface>
                <connection-impl-class>
                    net.sf.dropboxmq.connections.XATopicConnectionImpl
                </connection-impl-class>
            </connection-definition>

            <transaction-support>XATransaction</transaction-support>
            <reauthentication-support>false</reauthentication-support>

        </outbound-resourceadapter>

        <inbound-resourceadapter>
            <messageadapter>
                <messagelistener>
                    <messagelistener-type>javax.jms.MessageListener</messagelistener-type>
                    <activationspec>
                        <activationspec-class>
                            net.sf.dropboxmq.resource.spi.ActivationSpecImpl
                        </activationspec-class>
                        <required-config-property>
                            <description>
                                The JMS destination name.
                            </description>
                            <config-property-name>destination</config-property-name>
                        </required-config-property>
                    </activationspec>
                </messagelistener>
            </messageadapter>
        </inbound-resourceadapter>

        <adminobject>
            <adminobject-interface>javax.jms.Queue</adminobject-interface>
            <adminobject-class>
                net.sf.dropboxmq.destinations.QueueImpl
            </adminobject-class>
            <config-property>
                <description>The name of the destination.</description>
                <config-property-name>name</config-property-name>
                <config-property-type>java.lang.String</config-property-type>
            </config-property>
        </adminobject>

        <adminobject>
            <adminobject-interface>javax.jms.Topic</adminobject-interface>
            <adminobject-class>
                net.sf.dropboxmq.destinations.TopicImpl
            </adminobject-class>
            <config-property>
                <description>The name of the destination.</description>
                <config-property-name>name</config-property-name>
                <config-property-type>java.lang.String</config-property-type>
            </config-property>
        </adminobject>

        <security-permission>
            <description>
                Currently, the DropboxMQ resource adapter makes some threads.
            </description>
            <security-permission-spec>
                grant { permission java.lang.RuntimePermission "modifyThread"; }
            </security-permission-spec>
        </security-permission>

    </resourceadapter>

</connector>
