<?xml version="1.0" encoding="UTF-8"?>
<project basedir="." default="run-crap4j" name="BancoAgitar">

	<property name="CRAP4J_HOME" value="/Users/bobevans/Documents/projects/crap4j/org.crap4j/dist/crap4j"/>
	<taskdef name="crap4j" classname="org.crap4j.anttask.Crap4jAntTask" >
		<classpath>
			<fileset dir="${CRAP4J_HOME}/lib">
				<include name="**/*.jar" />
			</fileset>
		</classpath>
	</taskdef>
	

	<target name="run-crap4j">
		<crap4j projectdir="${basedir}">			
			<classes>
				<pathElement location="bin" />
			</classes>
			
			<srces>
				<pathElement location="src" />
			</srces>
			
			<testClasses>
				<pathElement location="bin" />
				<!--
				<fileset dir="bin">
					<include name="**/*Test.class" />
				</fileset>
				-->
			</testClasses>
			
			<libClasspath>
				
			</libClasspath>
		
		</crap4j>
	</target>
</project>
	