<?xml version="1.0" encoding="UTF-8"?><report date="Mon Dec 03 15:57:01 PST 2007"><problems><problem id="9572" message="problem.overly.mocked.all" severity="216">The test generator had difficulty constructing many of the objects required for testing and had to use "aggressive mocking" to achieve some of the coverage.  16.5% of the total coverage comes from these tests. This is not necessarily a problem but the tests might be more readable and effective if real objects were provided. <diagnostic denominator="79" number="0.16455696202531644" numerator="13" string="13/79 (16.46%)" type="fraction"/></problem></problems><solutions><solution message="solution.datahelper.mock.all" problemid="9572" rating="3">If you want real objects in your tests, consider writing a test data helper for the most commonly mocked object types. In the helper, duplicate the return values and exceptions that have been mocked.<diagnostic denominator="79" number="0.16455696202531644" numerator="13" string="13/79 (16.46%)" type="fraction"/></solution></solutions><diagnostics><diagnostic key="memory.used.final" number="58.0" string="58" type="number"/><diagnostic key="java.version" string="1.5.0_11" type="string"/><diagnostic class="CheckingAccount" fullmethod="getName()" key="complexity" method="getName()" number="1.0" package="bancoagitar" string="1" type="number"/><diagnostic key="timing.Exception" string="150" type="string"/><diagnostic class="CheckingAccount" key="coverage.final.delta" package="bancoagitar" string="unchanged" type="string"/><diagnostic class="CheckingAccountAgitarTest" fullmethod="testInitializeAccount()" key="test.created" method="testInitializeAccount()" package="bancoagitar" string="Mock level: 0" type="string"/><diagnostic denominator="90" key="mockingbird.ratio.total" number="0.06666666666666667" numerator="6" string="6/90 (6.67%)" type="fraction"/><diagnostic class="CheckingAccountAgitarTest" fullmethod="testWithdraw2()" key="test.created" method="testWithdraw2()" package="bancoagitar" string="Mock level: 0" type="string"/><diagnostic class="CheckingAccount" denominator="26" fullmethod="withdraw(double param1)" key="coverage.agitation" method="withdraw(double)" number="1.0" numerator="26" package="bancoagitar" string="26/26 (100%)" type="fraction"/><diagnostic key="timing.AcovCount" string="4" type="string"/><diagnostic class="CheckingAccount" fullmethod="validateAll(java.lang.String param1, java.lang.String param2, double param3)" key="complexity" method="validateAll(String, String, double)" number="3.0" package="bancoagitar" string="3" type="number"/><diagnostic class="CheckingAccount" denominator="5" fullmethod="initializeAccount(java.lang.String param1, java.lang.String param2, java.lang.String param3, double param4)" key="coverage.final" method="initializeAccount(String, String, String, double)" number="1.0" numerator="5" package="bancoagitar" string="5/5 (100%)" type="fraction"/><diagnostic class="CheckingAccount" denominator="8" fullmethod="validateAll(java.lang.String param1, java.lang.String param2, double param3)" key="coverage.agitation" method="validateAll(String, String, double)" number="1.0" numerator="8" package="bancoagitar" string="8/8 (100%)" type="fraction"/><diagnostic key="os.version" string="2.6.9-22.ELsmp" type="string"/><diagnostic class="CheckingAccountAgitarTest" fullmethod="testWithdraw()" key="test.created" method="testWithdraw()" package="bancoagitar" string="Mock level: 0" type="string"/><diagnostic key="test.classes.generated" number="1.0" string="1" type="number"/><diagnostic class="CheckingAccountAgitarTest" fullmethod="testValidateBalance3()" key="test.created" method="testValidateBalance3()" package="bancoagitar" string="Mock level: 0" type="string"/><diagnostic class="CheckingAccountAgitarTest" fullmethod="testConstructorThrowsBancoAgitarException1()" key="test.created" method="testConstructorThrowsBancoAgitarException1()" package="bancoagitar" string="Mock level: 0" type="string"/><diagnostic class="CheckingAccountAgitarTest" fullmethod="testValidateAllThrowsBancoAgitarException1()" key="test.created" method="testValidateAllThrowsBancoAgitarException1()" package="bancoagitar" string="Mock level: 0" type="string"/><diagnostic class="CheckingAccount" denominator="1" fullmethod="getBalance()" key="coverage.agitation" method="getBalance()" number="1.0" numerator="1" package="bancoagitar" string="1/1 (100%)" type="fraction"/><diagnostic class="CheckingAccount" denominator="1" fullmethod="getAccountNumber()" key="coverage.final" method="getAccountNumber()" number="1.0" numerator="1" package="bancoagitar" string="1/1 (100%)" type="fraction"/><diagnostic key="timing.Loading" string="154" type="string"/><diagnostic class="Branch" denominator="5" key="mockingbird.ratio" number="0.0" numerator="0" package="bancoagitar" string="0/5 (0%)" type="fraction"/><diagnostic class="CheckingAccount" denominator="1" fullmethod="fillOutFederalFormForLargeCashDeposit()" key="coverage.final" method="fillOutFederalFormForLargeCashDeposit()" number="1.0" numerator="1" package="bancoagitar" string="1/1 (100%)" type="fraction"/><diagnostic class="CheckingAccount" denominator="128" key="class.creation" number="0.28125" numerator="36" package="bancoagitar" string="36/128 (28.12%)" type="fraction"/><diagnostic class="CheckingAccount" denominator="5" fullmethod="&lt;init&gt;(java.lang.String param1, java.lang.String param2, java.lang.String param3, double param4)" key="coverage.agitation" method="&lt;init&gt;(String, String, String, double)" number="1.0" numerator="5" package="bancoagitar" string="5/5 (100%)" type="fraction"/><diagnostic class="CheckingAccountAgitarTest" fullmethod="testConstructorThrowsBancoAgitarException2()" key="test.created" method="testConstructorThrowsBancoAgitarException2()" package="bancoagitar" string="Mock level: 0" type="string"/><diagnostic class="CheckingAccountAgitarTest" fullmethod="testBranchWithReserveThrowsNullPointerException()" key="test.created" method="testBranchWithReserveThrowsNullPointerException()" package="bancoagitar" string="Mock level: 0" type="string"/><diagnostic class="CheckingAccountAgitarTest" fullmethod="testDeposit8()" key="test.created" method="testDeposit8()" package="bancoagitar" string="Mock level: 0" type="string"/><diagnostic class="CheckingAccountAgitarTest" fullmethod="testWithdrawThrowsBancoAgitarExceptionWithAggressiveMocks1()" key="test.created" method="testWithdrawThrowsBancoAgitarExceptionWithAggressiveMocks1()" package="bancoagitar" string="Mock level: 5" type="string"/><diagnostic class="CheckingAccount" denominator="1" fullmethod="getName()" key="coverage.final" method="getName()" number="1.0" numerator="1" package="bancoagitar" string="1/1 (100%)" type="fraction"/><diagnostic class="CheckingAccountAgitarTest" fullmethod="testConstructor2()" key="test.created" method="testConstructor2()" package="bancoagitar" string="Mock level: 0" type="string"/><diagnostic class="CheckingAccount" denominator="6" fullmethod="validateBalance(double param1)" key="coverage.agitation" method="validateBalance(double)" number="1.0" numerator="6" package="bancoagitar" string="6/6 (100%)" type="fraction"/><diagnostic class="ArrayList" denominator="5" key="mockingbird.ratio" number="0.0" numerator="0" package="java.util" string="0/5 (0%)" type="fraction"/><diagnostic class="CheckingAccountAgitarTest" fullmethod="testGetBalance1()" key="test.created" method="testGetBalance1()" package="bancoagitar" string="Mock level: 0" type="string"/><diagnostic class="CheckingAccount" denominator="79" key="coverage.testgen" number="1.0" numerator="79" package="bancoagitar" string="79/79 (100%)" type="fraction"/><diagnostic class="CheckingAccountAgitarTest" fullmethod="testGetAccountNumber()" key="test.created" method="testGetAccountNumber()" package="bancoagitar" string="Mock level: 0" type="string"/><diagnostic class="CheckingAccount" denominator="16" fullmethod="deposit(double param1, int param2)" key="coverage.final" method="deposit(double, int)" number="1.0" numerator="16" package="bancoagitar" string="16/16 (100%)" type="fraction"/><diagnostic class="CheckingAccount" fullmethod="fundsLockRequest()" key="complexity" method="fundsLockRequest()" number="2.0" package="bancoagitar" string="2" type="number"/><diagnostic class="CheckingAccount" fullmethod="deposit(double param1, int param2)" key="mockitator.skip.edge" method="deposit(double, int)" package="bancoagitar" type="list"><diagnostic string="true v142 &gt; 1.0" type="string"/><diagnostic string="false v142 &lt;= 1.0" type="string"/><diagnostic string="true v149 &gt;= 5000.0" type="string"/><diagnostic string="false v149 &lt; 5000.0" type="string"/><diagnostic string="true v158 != 1" type="string"/><diagnostic string="false v158 == 1" type="string"/><diagnostic string="true v165 != 3" type="string"/><diagnostic string="false v165 == 3" type="string"/></diagnostic><diagnostic class="CheckingAccountAgitarTest" fullmethod="testCashReserves()" key="test.created" method="testCashReserves()" package="bancoagitar" string="Mock level: 0" type="string"/><diagnostic class="CheckingAccount" denominator="26" fullmethod="withdraw(double param1)" key="coverage.final" method="withdraw(double)" number="1.0" numerator="26" package="bancoagitar" string="26/26 (100%)" type="fraction"/><diagnostic class="CheckingAccountAgitarTest" fullmethod="testConstructor()" key="test.created" method="testConstructor()" package="bancoagitar" string="Mock level: 0" type="string"/><diagnostic key="memory.total.final" number="512.0" string="512" type="number"/><diagnostic class="Branch" denominator="1" key="class.creation" number="1.0" numerator="1" package="bancoagitar" string="1/1 (100%)" type="fraction"/><diagnostic class="CheckingAccount" denominator="5" fullmethod="&lt;init&gt;(java.lang.String param1, java.lang.String param2, java.lang.String param3, double param4)" key="coverage.testgen" method="&lt;init&gt;(String, String, String, double)" number="1.0" numerator="5" package="bancoagitar" string="5/5 (100%)" type="fraction"/><diagnostic class="CheckingAccountAgitarTest" fullmethod="testWithdraw3()" key="test.created" method="testWithdraw3()" package="bancoagitar" string="Mock level: 0" type="string"/><diagnostic class="CheckingAccountAgitarTest" fullmethod="testWithdrawThrowsBancoAgitarExceptionWithAggressiveMocks()" key="test.created" method="testWithdrawThrowsBancoAgitarExceptionWithAggressiveMocks()" package="bancoagitar" string="Mock level: 5" type="string"/><diagnostic class="CheckingAccount" denominator="1" fullmethod="branchWithReserve(double param1, java.util.List param2)" key="coverage.final" method="branchWithReserve(double, List)" number="1.0" numerator="1" package="bancoagitar" string="1/1 (100%)" type="fraction"/><diagnostic class="CheckingAccount" denominator="79" key="coverage.agitation" number="1.0" numerator="79" package="bancoagitar" string="79/79 (100%)" type="fraction"/><diagnostic class="CheckingAccount" denominator="1" fullmethod="fillOutFederalFormForLargeCashDeposit()" key="coverage.agitation" method="fillOutFederalFormForLargeCashDeposit()" number="1.0" numerator="1" package="bancoagitar" string="1/1 (100%)" type="fraction"/><diagnostic class="CheckingAccount" denominator="1" fullmethod="fillOutFederalFormForLargeCashDeposit()" key="coverage.testgen" method="fillOutFederalFormForLargeCashDeposit()" number="1.0" numerator="1" package="bancoagitar" string="1/1 (100%)" type="fraction"/><diagnostic class="SSNChecks" key="class.proximity" number="30.0" package="ssndatabase" string="30" type="number"/><diagnostic class="CheckingAccount" denominator="1" fullmethod="getBranches()" key="coverage.final" method="getBranches()" number="1.0" numerator="1" package="bancoagitar" string="1/1 (100%)" type="fraction"/><diagnostic class="CheckingAccountAgitarTest" fullmethod="testValidateBalance()" key="test.created" method="testValidateBalance()" package="bancoagitar" string="Mock level: 0" type="string"/><diagnostic key="config.path" string="agitar/config" type="string"/><diagnostic class="CheckingAccount" key="complexity" number="32.0" package="bancoagitar" string="32" type="number"/><diagnostic class="CheckingAccount" fullmethod="deposit(double param1, int param2)" key="complexity" method="deposit(double, int)" number="5.0" package="bancoagitar" string="5" type="number"/><diagnostic class="CheckingAccount" denominator="1" fullmethod="thisBranch()" key="coverage.final" method="thisBranch()" number="1.0" numerator="1" package="bancoagitar" string="1/1 (100%)" type="fraction"/><diagnostic class="CheckingAccount" denominator="1" fullmethod="cashReserves()" key="coverage.testgen" method="cashReserves()" number="1.0" numerator="1" package="bancoagitar" string="1/1 (100%)" type="fraction"/><diagnostic class="BancoAgitarException" denominator="3" key="mockingbird.ratio" number="1.0" numerator="3" package="bancoagitar" string="3/3 (100%)" type="fraction"/><diagnostic class="CheckingAccountAgitarTest" fullmethod="testConstructorThrowsBancoAgitarException()" key="test.created" method="testConstructorThrowsBancoAgitarException()" package="bancoagitar" string="Mock level: 0" type="string"/><diagnostic class="ScopedTestHelper" key="helpers.unused.internal.classes" package="com.agitar.lib" string="Agitar internal" type="string"/><diagnostic class="CheckingAccount" denominator="1" fullmethod="getBalance()" key="coverage.final" method="getBalance()" number="1.0" numerator="1" package="bancoagitar" string="1/1 (100%)" type="fraction"/><diagnostic key="classpath.user" string="bin" type="string"/><diagnostic class="CheckingAccount" denominator="1" fullmethod="getName()" key="coverage.testgen" method="getName()" number="1.0" numerator="1" package="bancoagitar" string="1/1 (100%)" type="fraction"/><diagnostic class="CheckingAccountAgitarTest" fullmethod="testWithdrawThrowsBancoAgitarExceptionWithAggressiveMocks2()" key="test.created" method="testWithdrawThrowsBancoAgitarExceptionWithAggressiveMocks2()" package="bancoagitar" string="Mock level: 5" type="string"/><diagnostic key="timing.Repeat" string="3" type="string"/><diagnostic class="CheckingAccount" fullmethod="fillOutFederalFormForLargeCashDeposit()" key="complexity" method="fillOutFederalFormForLargeCashDeposit()" number="1.0" package="bancoagitar" string="1" type="number"/><diagnostic class="CheckingAccount" denominator="1" fullmethod="branchWithReserve(double param1, java.util.List param2)" key="coverage.testgen" method="branchWithReserve(double, List)" number="1.0" numerator="1" package="bancoagitar" string="1/1 (100%)" type="fraction"/><diagnostic class="Util" key="class.proximity" number="65.0" package="bancoagitar" string="65" type="number"/><diagnostic class="Object[]" denominator="18" key="mockingbird.ratio" number="0.0" numerator="0" package="java.lang" string="0/18 (0%)" type="fraction"/><diagnostic class="CheckingAccount" fullmethod="thisBranch()" key="complexity" method="thisBranch()" number="1.0" package="bancoagitar" string="1" type="number"/><diagnostic class="CheckingAccount" denominator="4" fullmethod="fundsLockRequest()" key="coverage.final" method="fundsLockRequest()" number="1.0" numerator="4" package="bancoagitar" string="4/4 (100%)" type="fraction"/><diagnostic class="CheckingAccountAgitarTest" fullmethod="testWithdrawThrowsBancoAgitarException()" key="test.created" method="testWithdrawThrowsBancoAgitarException()" package="bancoagitar" string="Mock level: 0" type="string"/><diagnostic key="memory.free.final" number="454.0" string="454" type="number"/><diagnostic class="CheckingAccount" fullmethod="getSSN()" key="complexity" method="getSSN()" number="1.0" package="bancoagitar" string="1" type="number"/><diagnostic class="CheckingAccountAgitarTest" fullmethod="testDeposit3()" key="test.created" method="testDeposit3()" package="bancoagitar" string="Mock level: 0" type="string"/><diagnostic class="CheckingAccount" denominator="4" fullmethod="fundsLockRequest()" key="coverage.testgen" method="fundsLockRequest()" number="1.0" numerator="4" package="bancoagitar" string="4/4 (100%)" type="fraction"/><diagnostic class="CheckingAccount" denominator="1" fullmethod="thisBranch()" key="coverage.testgen" method="thisBranch()" number="1.0" numerator="1" package="bancoagitar" string="1/1 (100%)" type="fraction"/><diagnostic class="CheckingAccount" denominator="79" key="coverage.normal" number="0.8354430379746836" numerator="66" package="bancoagitar" string="66/79 (83.54%)" type="fraction"/><diagnostic key="timing.Instrumentation" string="160" type="string"/><diagnostic class="CheckingAccountAgitarTest" fullmethod="testDeposit1()" key="test.created" method="testDeposit1()" package="bancoagitar" string="Mock level: 0" type="string"/><diagnostic class="CheckingAccount" denominator="1" fullmethod="getSSN()" key="coverage.testgen" method="getSSN()" number="1.0" numerator="1" package="bancoagitar" string="1/1 (100%)" type="fraction"/><diagnostic class="CheckingAccountAgitarTest" fullmethod="testFundsLockRequest()" key="test.created" method="testFundsLockRequest()" package="bancoagitar" string="Mock level: 0" type="string"/><diagnostic key="log.user" type="list"><diagnostic string="[STATUS]  [15:56:06:832] Start generating test for class bancoagitar.CheckingAccount&#10;" type="string"/><diagnostic string="[INFO]    [15:56:56:170] Mock sequence generator produced 4 tests (4 aggressive).&#10;" type="string"/><diagnostic string="[STATUS]  [15:57:00:009] Class bancoagitar.CheckingAccount : test generation completed&#10;" type="string"/></diagnostic><diagnostic class="CheckingAccount" denominator="8" fullmethod="validateAll(java.lang.String param1, java.lang.String param2, double param3)" key="coverage.final" method="validateAll(String, String, double)" number="1.0" numerator="8" package="bancoagitar" string="8/8 (100%)" type="fraction"/><diagnostic class="CheckingAccountAgitarTest" fullmethod="testDeposit5()" key="test.created" method="testDeposit5()" package="bancoagitar" string="Mock level: 0" type="string"/><diagnostic class="CheckingAccountAgitarTest" fullmethod="testWithdrawThrowsBancoAgitarException3()" key="test.created" method="testWithdrawThrowsBancoAgitarException3()" package="bancoagitar" string="Mock level: 0" type="string"/><diagnostic class="CheckingAccount" denominator="1" fullmethod="getSSN()" key="coverage.agitation" method="getSSN()" number="1.0" numerator="1" package="bancoagitar" string="1/1 (100%)" type="fraction"/><diagnostic class="CheckingAccount" fullmethod="getAccountNumber()" key="complexity" method="getAccountNumber()" number="1.0" package="bancoagitar" string="1" type="number"/><diagnostic key="user.dir" string="/home/agitar/work/sexy-dolphin-03-agitar-1/67e7bc4de11c15959dcab0c3569b64e0/BancoAgitar" type="string"/><diagnostic class="CheckingAccountAgitarTest" fullmethod="testDepositThrowsBancoAgitarException()" key="test.created" method="testDepositThrowsBancoAgitarException()" package="bancoagitar" string="Mock level: 0" type="string"/><diagnostic class="CheckingAccount" denominator="1" fullmethod="cashReserves()" key="coverage.final" method="cashReserves()" number="1.0" numerator="1" package="bancoagitar" string="1/1 (100%)" type="fraction"/><diagnostic class="CheckingAccountAgitarTest" fullmethod="testThisBranch()" key="test.created" method="testThisBranch()" package="bancoagitar" string="Mock level: 0" type="string"/><diagnostic key="java.vendor" string="Sun Microsystems Inc." type="string"/><diagnostic class="CheckingAccount" fullmethod="&lt;init&gt;(java.lang.String param1, java.lang.String param2, java.lang.String param3, double param4)" key="complexity" method="&lt;init&gt;(String, String, String, double)" number="1.0" package="bancoagitar" string="1" type="number"/><diagnostic class="CheckingAccountAgitarTest" fullmethod="testWithdrawThrowsBancoAgitarException2()" key="test.created" method="testWithdrawThrowsBancoAgitarException2()" package="bancoagitar" string="Mock level: 0" type="string"/><diagnostic class="CheckingAccount" fullmethod="validateAll(java.lang.String param1, java.lang.String param2, double param3)" key="mockitator.skip.edge" method="validateAll(String, String, double)" package="bancoagitar" type="list"><diagnostic string="true v65 &lt; 500.0" type="string"/><diagnostic string="false v65 &gt;= 500.0" type="string"/><diagnostic string="true v67 &lt;= 1000000.0" type="string"/><diagnostic string="false v67 &gt; 1000000.0" type="string"/></diagnostic><diagnostic class="StringBuilder" denominator="3" key="mockingbird.ratio" number="1.0" numerator="3" package="java.lang" string="3/3 (100%)" type="fraction"/><diagnostic class="CheckingAccount" fullmethod="validateBalance(double param1)" key="complexity" method="validateBalance(double)" number="3.0" package="bancoagitar" string="3" type="number"/><diagnostic class="CheckingAccountAgitarTest" fullmethod="testWithdrawWithAggressiveMocks()" key="test.created" method="testWithdrawWithAggressiveMocks()" package="bancoagitar" string="Mock level: 5" type="string"/><diagnostic class="Branch" key="class.proximity" number="65.0" package="bancoagitar" string="65" type="number"/><diagnostic key="timing.Cov%" string="100" type="string"/><diagnostic class="CheckingAccountAgitarTest" fullmethod="testConstructor1()" key="test.created" method="testConstructor1()" package="bancoagitar" string="Mock level: 0" type="string"/><diagnostic class="CheckingAccount" denominator="16" fullmethod="deposit(double param1, int param2)" key="coverage.testgen" method="deposit(double, int)" number="1.0" numerator="16" package="bancoagitar" string="16/16 (100%)" type="fraction"/><diagnostic class="CheckingAccount" fullmethod="deposit(double depositAmount, int depositType)" key="test.failing" method="deposit(double, int)" package="bancoagitar" type="list"><diagnostic coverage="00000000000000110011100110001011110000101100 [44]" mocklevel="0" operation="" outcome="Normal" reason="boundary conditions don't match: deposit(double, int):3:1 fundsLockRequest():0:2 , orig: deposit(double, int):3:1 fundsLockRequest():0:1 " string="Normal: boundary conditions don't match: deposit(double, int):3:1 fundsLockRequest():0:2 , orig: deposit(double, int):3:1 fundsLockRequest():0:1 " type="test"><source>CheckingAccount checkingAccount = new CheckingAccount("testCheckingAccountAccountNumber", "testCheckingAccountName", "741-37-1288", 1000.0);
CheckingAccount checkingAccount2 = new CheckingAccount("testCheckingAccountAccountNumber1", "testString", "611-05-9680", 500.005);
List arrayList = new ArrayList(100);
Branch branch = new Branch();
arrayList.add(branch);
Collection arrayList2 = new ArrayList(0);
arrayList2.add(branch);
arrayList2.add(branch);
callPrivateMethod("bancoagitar.CheckingAccount", "branchWithReserve", new Class[] {double.class, List.class}, checkingAccount2, new Object[] {new Double(100.0), arrayList});
callPrivateMethod("bancoagitar.CheckingAccount", "branchWithReserve", new Class[] {double.class, List.class}, checkingAccount2, new Object[] {new Double(1000.0), arrayList});
callPrivateMethod("bancoagitar.CheckingAccount", "initializeAccount", new Class[] {String.class, String.class, String.class, double.class}, checkingAccount2, new Object[] {"testCheckingAccountAccountNumber2", "testCheckingAccountName2", "testCheckingAccountSSN1", new Double(1000.0)});
callPrivateMethod("bancoagitar.CheckingAccount", "initializeAccount", new Class[] {String.class, String.class, String.class, double.class}, checkingAccount2, new Object[] {" ", "testCheckingAccount\rName", "", new Double(1.0)});
callPrivateMethod("bancoagitar.CheckingAccount", "initializeAccount", new Class[] {String.class, String.class, String.class, double.class}, checkingAccount, new Object[] {"42", " ", "Invalid withdraw amount.  Minimum withdraw amount is $1.00", new Double(10000.0)});
CheckingAccount checkingAccount3 = new CheckingAccount("", "testString", "780-38-4371", 999990.0);
List arrayList3 = new ArrayList(10);
arrayList3.add(branch);
callPrivateMethod("bancoagitar.CheckingAccount", "branchWithReserve", new Class[] {double.class, List.class}, checkingAccount3, new Object[] {new Double(-1.0), arrayList3});
checkingAccount.deposit(10000.0, 3);
</source><diagnostic log-message="Failed to verify test for: #2952568 bancoagitar.CheckingAccount.deposit(double, int) Params: [ref[CheckingAccount@1d510be/notnull], ref[double:10000.0], ref[int:3]] Ret: ref[NULL], for: boundary conditions don't match: deposit(double, int):3:1 fundsLockRequest():0:2 , orig: deposit(double, int):3:1 fundsLockRequest():0:1 " string="Failed to verify test for: #2952568 bancoagitar.CheckingAccount.deposit(double, int) Params: [ref[CheckingAccount@1d510be/notnull], ref[double:10000.0], ref[int:3]] Ret: ref[NULL], for: boundary conditions don't match: deposit(double, int):3:1 fundsLockRequest():0:2 , orig: deposit(double, int):3:1 fundsLockRequest():0:1 " type="error"/></diagnostic><diagnostic coverage="00000000000000110011100110001011110000110010 [44]" mocklevel="0" operation="" outcome="Normal" reason="boundary conditions don't match: deposit(double, int):3:1 fundsLockRequest():0:1 validateBalance(double):0:1 , orig: deposit(double, int):3:1 fundsLockRequest():0:2 validateBalance(double):0:1 " string="Normal: boundary conditions don't match: deposit(double, int):3:1 fundsLockRequest():0:1 validateBalance(double):0:1 , orig: deposit(double, int):3:1 fundsLockRequest():0:2 validateBalance(double):0:1 " type="test"><source>CheckingAccount checkingAccount = new CheckingAccount("testCheckingAccountAccountNumber1", "testCheckingAccountName", "780-38-4371", 10000.0);
callPrivateMethod("bancoagitar.CheckingAccount", "initializeAccount", new Class[] {String.class, String.class, String.class, double.class}, checkingAccount, new Object[] {"testCheckingAccountAccountNumber", "testCheckingAccountName", "testCheckingAccountSSN1", new Double(-4500.05)});
checkingAccount.deposit(5000.05, 3);
</source><diagnostic log-message="Failed to verify test for: #19301003 bancoagitar.CheckingAccount.deposit(double, int) Params: [ref[CheckingAccount@3ec403/notnull], ref[double:5000.05], ref[int:3]] Ret: ref[NULL], for: boundary conditions don't match: deposit(double, int):3:1 fundsLockRequest():0:1 validateBalance(double):0:1 , orig: deposit(double, int):3:1 fundsLockRequest():0:2 validateBalance(double):0:1 " string="Failed to verify test for: #19301003 bancoagitar.CheckingAccount.deposit(double, int) Params: [ref[CheckingAccount@3ec403/notnull], ref[double:5000.05], ref[int:3]] Ret: ref[NULL], for: boundary conditions don't match: deposit(double, int):3:1 fundsLockRequest():0:1 validateBalance(double):0:1 , orig: deposit(double, int):3:1 fundsLockRequest():0:2 validateBalance(double):0:1 " type="error"/></diagnostic><diagnostic coverage="00000000000000110011100110001011110000110010 [44]" mocklevel="0" operation="" outcome="Normal" reason="boundary conditions don't match: deposit(double, int):3:1 fundsLockRequest():0:1 validateBalance(double):1:1 , orig: deposit(double, int):3:1 fundsLockRequest():0:2 validateBalance(double):1:1 " string="Normal: boundary conditions don't match: deposit(double, int):3:1 fundsLockRequest():0:1 validateBalance(double):1:1 , orig: deposit(double, int):3:1 fundsLockRequest():0:2 validateBalance(double):1:1 " type="test"><source>CheckingAccount checkingAccount = new CheckingAccount("testCheckingAccountAccountNumber2", "testString", "778-85-8551", 1000.0);
callPrivateMethod("bancoagitar.CheckingAccount", "initializeAccount", new Class[] {String.class, String.class, String.class, double.class}, checkingAccount, new Object[] {"testCheckingAccount\tAccountNumber", "testCheckingAccountName1", "testCheckingAccountSSN1", new Double(0.0)});
checkingAccount.deposit(1000000.0, 3);
</source><diagnostic log-message="Failed to verify test for: #3213831 bancoagitar.CheckingAccount.deposit(double, int) Params: [ref[CheckingAccount@431753/notnull], ref[double:1000000.0], ref[int:3]] Ret: ref[NULL], for: boundary conditions don't match: deposit(double, int):3:1 fundsLockRequest():0:1 validateBalance(double):1:1 , orig: deposit(double, int):3:1 fundsLockRequest():0:2 validateBalance(double):1:1 " string="Failed to verify test for: #3213831 bancoagitar.CheckingAccount.deposit(double, int) Params: [ref[CheckingAccount@431753/notnull], ref[double:1000000.0], ref[int:3]] Ret: ref[NULL], for: boundary conditions don't match: deposit(double, int):3:1 fundsLockRequest():0:1 validateBalance(double):1:1 , orig: deposit(double, int):3:1 fundsLockRequest():0:2 validateBalance(double):1:1 " type="error"/></diagnostic><diagnostic coverage="00000000000000110011100110001011110000101100 [44]" mocklevel="0" operation="" outcome="Normal" reason="boundary conditions don't match: deposit(double, int):1:2 deposit(double, int):3:1 fundsLockRequest():0:2 , orig: deposit(double, int):1:2 deposit(double, int):3:1 fundsLockRequest():0:1 " string="Normal: boundary conditions don't match: deposit(double, int):1:2 deposit(double, int):3:1 fundsLockRequest():0:2 , orig: deposit(double, int):1:2 deposit(double, int):3:1 fundsLockRequest():0:1 " type="test"><source>// filtered callback (unnecessary): 1 validateName(String) ref[java.lang.Class:class bancoagitar.Util][ref[java.lang.String:"testString"]] = ref[NULL] throws ref[NULL] (x1)
// filtered callback (unnecessary): 1 validateSSN(String) ref[java.lang.Class:class bancoagitar.Util][ref[java.lang.String:"778-85-8551"]] = ref[NULL] throws ref[NULL] (x1)
Mockingbird.enterRecordingMode();
Random random = (Random) Mockingbird.getProxyObject(Random.class);
Mockingbird.replaceObjectForRecording(Random.class, "&lt;init&gt;()", random);
Mockingbird.enterTestMode(CheckingAccount.class);
CheckingAccount checkingAccount = new CheckingAccount("testString", "testString", "778-85-8551", 500.005);
callPrivateMethod("bancoagitar.CheckingAccount", "initializeAccount", new Class[] {String.class, String.class, String.class, double.class}, checkingAccount, new Object[] {"testString", "abcdefghijklmnopqrstuvwxyz", "testString", new Double(0.0)});
// filtered callback (target type): 1 validateBalance(double) ref[CheckingAccount@431753/notnull][ref[double:1000000.0]] = ref[NULL] throws ref[NULL] (x1)
Mockingbird.enterRecordingMode();
Mockingbird.setReturnValue(false, random, "nextInt", "(int)int", new Object[] {new Integer(2)}, new Integer(1), 1);
Mockingbird.enterTestMode(CheckingAccount.class);
checkingAccount.deposit(1000000.0, 3);
callPrivateMethod("bancoagitar.CheckingAccount", "initializeAccount", new Class[] {String.class, String.class, String.class, double.class}, checkingAccount, new Object[] {"Funds not available to withdraB: ", "Invalid opening balance:", "42", new Double(-235.13421630859375)});
// filtered callback (target type): 1 validateBalance(double) ref[CheckingAccount@431753/notnull][ref[double:604361.3838944649]] = ref[NULL] throws ref[NULL] (x1)
checkingAccount.deposit(604596.5181107735, 0);
callPrivateMethod("bancoagitar.CheckingAccount", "initializeAccount", new Class[] {String.class, String.class, String.class, double.class}, checkingAccount, new Object[] {"testString", "testString", "testString", new Double(1000.01)});
// filtered callback (target type): 1 validateBalance(double) ref[CheckingAccount@431753/notnull][ref[double:500.01]] = ref[NULL] throws ref[NULL] (x1)
checkingAccount.withdraw(500.0);
callPrivateMethod("bancoagitar.CheckingAccount", "initializeAccount", new Class[] {String.class, String.class, String.class, double.class}, checkingAccount, new Object[] {"Invalid balance: ", "", "Iunds not availale to withdraw ", new Double(-4499.955)});
// filtered callback (target type): 1 validateBalance(double) ref[CheckingAccount@431753/notnull][ref[double:500.0450000000001]] = ref[NULL] throws ref[NULL] (x1)
checkingAccount.deposit(5000.0, 49);
callPrivateMethod("bancoagitar.CheckingAccount", "initializeAccount", new Class[] {String.class, String.class, String.class, double.class}, checkingAccount, new Object[] {"testString", "testString", "testString", new Double(1.6803879737854004)});
// filtered callback (target type): 1 validateBalance(double) ref[CheckingAccount@431753/notnull][ref[double:5001.730387973786]] = ref[NULL] throws ref[NULL] (x1)
checkingAccount.deposit(5000.05, 0);
callPrivateMethod("bancoagitar.CheckingAccount", "initializeAccount", new Class[] {String.class, String.class, String.class, double.class}, checkingAccount, new Object[] {"testString", "Invalid withdraw amount. y Minimum withdraw amount is $1.00", "Funds not available to withdraw: ", new Double(1.767973780632019)});
// filtered callback (target type): 1 validateBalance(double) ref[CheckingAccount@431753/notnull][ref[double:971535.8323090859]] = ref[NULL] throws ref[NULL] (x1)
Mockingbird.enterRecordingMode();
Mockingbird.setReturnValue(false, random, "nextInt", "(int)int", new Object[] {new Integer(2)}, new Integer(0), 1);
Mockingbird.enterTestMode(CheckingAccount.class);
checkingAccount.deposit(971534.0643353052, 3);
// filtered callback (target type): 1 validateBalance(double) ref[CheckingAccount@431753/notnull][ref[double:971546.8323090859]] = ref[NULL] throws ref[NULL] (x1)
checkingAccount.deposit(11.0, 2);
// filtered callback (target type): 1 validateBalance(double) ref[CheckingAccount@431753/notnull][ref[double:976546.7823090858]] = ref[NULL] throws ref[NULL] (x1)
checkingAccount.deposit(4999.95, 4);
callPrivateMethod("bancoagitar.CheckingAccount", "initializeAccount", new Class[] {String.class, String.class, String.class, double.class}, checkingAccount, new Object[] {"testString", "testString", "testString", new Double(908919.3500410144)});
// filtered callback (target type): 1 validateBalance(double) ref[CheckingAccount@431753/notnull][ref[double:908918.3500210142]] = ref[NULL] throws ref[NULL] (x1)
checkingAccount.withdraw(1.0000200001000001);
callPrivateMethod("bancoagitar.CheckingAccount", "initializeAccount", new Class[] {String.class, String.class, String.class, double.class}, checkingAccount, new Object[] {"\n ", "testString", "abcdefghijklmnopqrstuvwxyz", new Double(1000001.0000200002)});
// filtered callback (target type): 1 validateBalance(double) ref[CheckingAccount@431753/notnull][ref[double:1000000.0]] = ref[NULL] throws ref[NULL] (x1)
checkingAccount.withdraw(1.0000200001000001);
callPrivateMethod("bancoagitar.CheckingAccount", "initializeAccount", new Class[] {String.class, String.class, String.class, double.class}, checkingAccount, new Object[] {"testString", "testString", "testString", new Double(1.9869279861450195)});
// filtered callback (target type): 1 validateBalance(double) ref[CheckingAccount@431753/notnull][ref[double:1000000.0]] = ref[NULL] throws ref[NULL] (x1)
checkingAccount.deposit(999998.0130720139, 1);
callPrivateMethod("bancoagitar.CheckingAccount", "initializeAccount", new Class[] {String.class, String.class, String.class, double.class}, checkingAccount, new Object[] {"dhg9!8j,43QzT?BY1 U\fKXP=BpNJ", "testString", "testString", new Double(499.0)});
// filtered callback (target type): 1 validateBalance(double) ref[CheckingAccount@431753/notnull][ref[double:5499.001]] = ref[NULL] throws ref[NULL] (x1)
Mockingbird.enterRecordingMode();
Mockingbird.setReturnValue(false, random, "nextInt", "(int)int", new Object[] {new Integer(2)}, new Integer(1), 1);
Mockingbird.enterTestMode(CheckingAccount.class);
checkingAccount.deposit(5000.001, 3);
</source><diagnostic log-message="Mocking Failing Operations failed" string="Mocking Failing Operations failed" type="error"/></diagnostic><diagnostic coverage="00000000000000110011100110001011110000101100 [44]" mocklevel="3" operation="" outcome="Normal" reason="boundary conditions don't match: deposit(double, int):1:2 deposit(double, int):3:1 fundsLockRequest():0:2 , orig: deposit(double, int):1:2 deposit(double, int):3:1 fundsLockRequest():0:1 " string="Normal: boundary conditions don't match: deposit(double, int):1:2 deposit(double, int):3:1 fundsLockRequest():0:2 , orig: deposit(double, int):1:2 deposit(double, int):3:1 fundsLockRequest():0:1 " type="test"><source>// filtered callback (unnecessary): 1 validateName(String) ref[java.lang.Class:class bancoagitar.Util][ref[java.lang.String:"testString"]] = ref[NULL] throws ref[NULL] (x1)
// filtered callback (unnecessary): 1 validateSSN(String) ref[java.lang.Class:class bancoagitar.Util][ref[java.lang.String:"778-85-8551"]] = ref[NULL] throws ref[NULL] (x1)
Mockingbird.enterRecordingMode();
Random random = (Random) Mockingbird.getProxyObject(Random.class);
Mockingbird.replaceObjectForRecording(Random.class, "&lt;init&gt;()", random);
Mockingbird.enterTestMode(CheckingAccount.class);
CheckingAccount checkingAccount = new CheckingAccount("testString", "testString", "778-85-8551", 500.005);
callPrivateMethod("bancoagitar.CheckingAccount", "initializeAccount", new Class[] {String.class, String.class, String.class, double.class}, checkingAccount, new Object[] {"testString", "abcdefghijklmnopqrstuvwxyz", "testString", new Double(0.0)});
// filtered callback (target type): 1 validateBalance(double) ref[CheckingAccount@431753/notnull][ref[double:1000000.0]] = ref[NULL] throws ref[NULL] (x1)
Mockingbird.enterRecordingMode();
Mockingbird.setReturnValue(false, random, "nextInt", "(int)int", new Object[] {new Integer(2)}, new Integer(1), 1);
Mockingbird.enterTestMode(CheckingAccount.class);
checkingAccount.deposit(1000000.0, 3);
callPrivateMethod("bancoagitar.CheckingAccount", "initializeAccount", new Class[] {String.class, String.class, String.class, double.class}, checkingAccount, new Object[] {"Funds not available to withdraB: ", "Invalid opening balance:", "42", new Double(-235.13421630859375)});
// filtered callback (target type): 1 validateBalance(double) ref[CheckingAccount@431753/notnull][ref[double:604361.3838944649]] = ref[NULL] throws ref[NULL] (x1)
checkingAccount.deposit(604596.5181107735, 0);
callPrivateMethod("bancoagitar.CheckingAccount", "initializeAccount", new Class[] {String.class, String.class, String.class, double.class}, checkingAccount, new Object[] {"testString", "testString", "testString", new Double(1000.01)});
// filtered callback (target type): 1 validateBalance(double) ref[CheckingAccount@431753/notnull][ref[double:500.01]] = ref[NULL] throws ref[NULL] (x1)
checkingAccount.withdraw(500.0);
callPrivateMethod("bancoagitar.CheckingAccount", "initializeAccount", new Class[] {String.class, String.class, String.class, double.class}, checkingAccount, new Object[] {"Invalid balance: ", "", "Iunds not availale to withdraw ", new Double(-4499.955)});
// filtered callback (target type): 1 validateBalance(double) ref[CheckingAccount@431753/notnull][ref[double:500.0450000000001]] = ref[NULL] throws ref[NULL] (x1)
checkingAccount.deposit(5000.0, 49);
callPrivateMethod("bancoagitar.CheckingAccount", "initializeAccount", new Class[] {String.class, String.class, String.class, double.class}, checkingAccount, new Object[] {"testString", "testString", "testString", new Double(1.6803879737854004)});
// filtered callback (target type): 1 validateBalance(double) ref[CheckingAccount@431753/notnull][ref[double:5001.730387973786]] = ref[NULL] throws ref[NULL] (x1)
checkingAccount.deposit(5000.05, 0);
callPrivateMethod("bancoagitar.CheckingAccount", "initializeAccount", new Class[] {String.class, String.class, String.class, double.class}, checkingAccount, new Object[] {"testString", "Invalid withdraw amount. y Minimum withdraw amount is $1.00", "Funds not available to withdraw: ", new Double(1.767973780632019)});
// filtered callback (target type): 1 validateBalance(double) ref[CheckingAccount@431753/notnull][ref[double:971535.8323090859]] = ref[NULL] throws ref[NULL] (x1)
Mockingbird.enterRecordingMode();
Mockingbird.setReturnValue(false, random, "nextInt", "(int)int", new Object[] {new Integer(2)}, new Integer(0), 1);
Mockingbird.enterTestMode(CheckingAccount.class);
checkingAccount.deposit(971534.0643353052, 3);
// filtered callback (target type): 1 validateBalance(double) ref[CheckingAccount@431753/notnull][ref[double:971546.8323090859]] = ref[NULL] throws ref[NULL] (x1)
checkingAccount.deposit(11.0, 2);
// filtered callback (target type): 1 validateBalance(double) ref[CheckingAccount@431753/notnull][ref[double:976546.7823090858]] = ref[NULL] throws ref[NULL] (x1)
checkingAccount.deposit(4999.95, 4);
callPrivateMethod("bancoagitar.CheckingAccount", "initializeAccount", new Class[] {String.class, String.class, String.class, double.class}, checkingAccount, new Object[] {"testString", "testString", "testString", new Double(908919.3500410144)});
// filtered callback (target type): 1 validateBalance(double) ref[CheckingAccount@431753/notnull][ref[double:908918.3500210142]] = ref[NULL] throws ref[NULL] (x1)
checkingAccount.withdraw(1.0000200001000001);
callPrivateMethod("bancoagitar.CheckingAccount", "initializeAccount", new Class[] {String.class, String.class, String.class, double.class}, checkingAccount, new Object[] {"\n ", "testString", "abcdefghijklmnopqrstuvwxyz", new Double(1000001.0000200002)});
// filtered callback (target type): 1 validateBalance(double) ref[CheckingAccount@431753/notnull][ref[double:1000000.0]] = ref[NULL] throws ref[NULL] (x1)
checkingAccount.withdraw(1.0000200001000001);
callPrivateMethod("bancoagitar.CheckingAccount", "initializeAccount", new Class[] {String.class, String.class, String.class, double.class}, checkingAccount, new Object[] {"testString", "testString", "testString", new Double(1.9869279861450195)});
// filtered callback (target type): 1 validateBalance(double) ref[CheckingAccount@431753/notnull][ref[double:1000000.0]] = ref[NULL] throws ref[NULL] (x1)
checkingAccount.deposit(999998.0130720139, 1);
callPrivateMethod("bancoagitar.CheckingAccount", "initializeAccount", new Class[] {String.class, String.class, String.class, double.class}, checkingAccount, new Object[] {"dhg9!8j,43QzT?BY1 U\fKXP=BpNJ", "testString", "testString", new Double(499.0)});
// filtered callback (target type): 1 validateBalance(double) ref[CheckingAccount@431753/notnull][ref[double:5499.001]] = ref[NULL] throws ref[NULL] (x1)
Mockingbird.enterRecordingMode();
Mockingbird.setReturnValue(false, random, "nextInt", "(int)int", new Object[] {new Integer(2)}, new Integer(1), 1);
Mockingbird.enterTestMode(CheckingAccount.class);
checkingAccount.deposit(5000.001, 3);
</source><diagnostic log-message="Aggressive mocking failed" string="Aggressive mocking failed" type="error"/></diagnostic><diagnostic coverage="00000000000000110011100110001011110000101100 [44]" mocklevel="3" operation="" outcome="Normal" reason="boundary conditions don't match: deposit(double, int):1:2 deposit(double, int):3:1 fundsLockRequest():0:2 , orig: deposit(double, int):1:2 deposit(double, int):3:1 fundsLockRequest():0:1 " string="Normal: boundary conditions don't match: deposit(double, int):1:2 deposit(double, int):3:1 fundsLockRequest():0:2 , orig: deposit(double, int):1:2 deposit(double, int):3:1 fundsLockRequest():0:1 " type="test"><source>// filtered callback (unnecessary): 1 validateName(String) ref[java.lang.Class:class bancoagitar.Util][ref[java.lang.String:"testString"]] = ref[NULL] throws ref[NULL] (x1)
// filtered callback (unnecessary): 1 validateSSN(String) ref[java.lang.Class:class bancoagitar.Util][ref[java.lang.String:"778-85-8551"]] = ref[NULL] throws ref[NULL] (x1)
Mockingbird.enterRecordingMode();
Random random = (Random) Mockingbird.getProxyObject(Random.class);
Mockingbird.replaceObjectForRecording(Random.class, "&lt;init&gt;()", random);
Mockingbird.enterTestMode(CheckingAccount.class);
CheckingAccount checkingAccount = new CheckingAccount("testString", "testString", "778-85-8551", 500.005);
callPrivateMethod("bancoagitar.CheckingAccount", "initializeAccount", new Class[] {String.class, String.class, String.class, double.class}, checkingAccount, new Object[] {"testString", "abcdefghijklmnopqrstuvwxyz", "testString", new Double(0.0)});
// filtered callback (target type): 1 validateBalance(double) ref[CheckingAccount@431753/notnull][ref[double:1000000.0]] = ref[NULL] throws ref[NULL] (x1)
Mockingbird.enterRecordingMode();
Mockingbird.setReturnValue(false, random, "nextInt", "(int)int", new Object[] {new Integer(2)}, new Integer(1), 1);
Mockingbird.enterTestMode(CheckingAccount.class);
checkingAccount.deposit(1000000.0, 3);
callPrivateMethod("bancoagitar.CheckingAccount", "initializeAccount", new Class[] {String.class, String.class, String.class, double.class}, checkingAccount, new Object[] {"Funds not available to withdraB: ", "Invalid opening balance:", "42", new Double(-235.13421630859375)});
// filtered callback (target type): 1 validateBalance(double) ref[CheckingAccount@431753/notnull][ref[double:604361.3838944649]] = ref[NULL] throws ref[NULL] (x1)
checkingAccount.deposit(604596.5181107735, 0);
callPrivateMethod("bancoagitar.CheckingAccount", "initializeAccount", new Class[] {String.class, String.class, String.class, double.class}, checkingAccount, new Object[] {"testString", "testString", "testString", new Double(1000.01)});
// filtered callback (target type): 1 validateBalance(double) ref[CheckingAccount@431753/notnull][ref[double:500.01]] = ref[NULL] throws ref[NULL] (x1)
checkingAccount.withdraw(500.0);
callPrivateMethod("bancoagitar.CheckingAccount", "initializeAccount", new Class[] {String.class, String.class, String.class, double.class}, checkingAccount, new Object[] {"Invalid balance: ", "", "Iunds not availale to withdraw ", new Double(-4499.955)});
// filtered callback (target type): 1 validateBalance(double) ref[CheckingAccount@431753/notnull][ref[double:500.0450000000001]] = ref[NULL] throws ref[NULL] (x1)
checkingAccount.deposit(5000.0, 49);
callPrivateMethod("bancoagitar.CheckingAccount", "initializeAccount", new Class[] {String.class, String.class, String.class, double.class}, checkingAccount, new Object[] {"testString", "testString", "testString", new Double(1.6803879737854004)});
// filtered callback (target type): 1 validateBalance(double) ref[CheckingAccount@431753/notnull][ref[double:5001.730387973786]] = ref[NULL] throws ref[NULL] (x1)
checkingAccount.deposit(5000.05, 0);
callPrivateMethod("bancoagitar.CheckingAccount", "initializeAccount", new Class[] {String.class, String.class, String.class, double.class}, checkingAccount, new Object[] {"testString", "Invalid withdraw amount. y Minimum withdraw amount is $1.00", "Funds not available to withdraw: ", new Double(1.767973780632019)});
// filtered callback (target type): 1 validateBalance(double) ref[CheckingAccount@431753/notnull][ref[double:971535.8323090859]] = ref[NULL] throws ref[NULL] (x1)
Mockingbird.enterRecordingMode();
Mockingbird.setReturnValue(false, random, "nextInt", "(int)int", new Object[] {new Integer(2)}, new Integer(0), 1);
Mockingbird.enterTestMode(CheckingAccount.class);
checkingAccount.deposit(971534.0643353052, 3);
// filtered callback (target type): 1 validateBalance(double) ref[CheckingAccount@431753/notnull][ref[double:971546.8323090859]] = ref[NULL] throws ref[NULL] (x1)
checkingAccount.deposit(11.0, 2);
// filtered callback (target type): 1 validateBalance(double) ref[CheckingAccount@431753/notnull][ref[double:976546.7823090858]] = ref[NULL] throws ref[NULL] (x1)
checkingAccount.deposit(4999.95, 4);
callPrivateMethod("bancoagitar.CheckingAccount", "initializeAccount", new Class[] {String.class, String.class, String.class, double.class}, checkingAccount, new Object[] {"testString", "testString", "testString", new Double(908919.3500410144)});
// filtered callback (target type): 1 validateBalance(double) ref[CheckingAccount@431753/notnull][ref[double:908918.3500210142]] = ref[NULL] throws ref[NULL] (x1)
checkingAccount.withdraw(1.0000200001000001);
callPrivateMethod("bancoagitar.CheckingAccount", "initializeAccount", new Class[] {String.class, String.class, String.class, double.class}, checkingAccount, new Object[] {"\n ", "testString", "abcdefghijklmnopqrstuvwxyz", new Double(1000001.0000200002)});
// filtered callback (target type): 1 validateBalance(double) ref[CheckingAccount@431753/notnull][ref[double:1000000.0]] = ref[NULL] throws ref[NULL] (x1)
checkingAccount.withdraw(1.0000200001000001);
callPrivateMethod("bancoagitar.CheckingAccount", "initializeAccount", new Class[] {String.class, String.class, String.class, double.class}, checkingAccount, new Object[] {"testString", "testString", "testString", new Double(1.9869279861450195)});
// filtered callback (target type): 1 validateBalance(double) ref[CheckingAccount@431753/notnull][ref[double:1000000.0]] = ref[NULL] throws ref[NULL] (x1)
checkingAccount.deposit(999998.0130720139, 1);
callPrivateMethod("bancoagitar.CheckingAccount", "initializeAccount", new Class[] {String.class, String.class, String.class, double.class}, checkingAccount, new Object[] {"dhg9!8j,43QzT?BY1 U\fKXP=BpNJ", "testString", "testString", new Double(499.0)});
// filtered callback (target type): 1 validateBalance(double) ref[CheckingAccount@431753/notnull][ref[double:5499.001]] = ref[NULL] throws ref[NULL] (x1)
Mockingbird.enterRecordingMode();
Mockingbird.setReturnValue(false, random, "nextInt", "(int)int", new Object[] {new Integer(2)}, new Integer(1), 1);
Mockingbird.enterTestMode(CheckingAccount.class);
checkingAccount.deposit(5000.001, 3);
</source><diagnostic log-message="Failed prefiltering" string="Failed prefiltering" type="error"/></diagnostic><diagnostic coverage="00000000000000110011100110001011110000101100 [44]" mocklevel="0" operation="" outcome="Normal" reason="boundary conditions don't match: deposit(double, int):3:1 fundsLockRequest():0:2 validateBalance(double):1:1 , orig: deposit(double, int):3:1 fundsLockRequest():0:1 validateBalance(double):1:1 " string="Normal: boundary conditions don't match: deposit(double, int):3:1 fundsLockRequest():0:2 validateBalance(double):1:1 , orig: deposit(double, int):3:1 fundsLockRequest():0:1 validateBalance(double):1:1 " type="test"><source>// filtered callback (unnecessary): 1 validateName(String) ref[java.lang.Class:class bancoagitar.Util][ref[java.lang.String:"testString"]] = ref[NULL] throws ref[NULL] (x1)
// filtered callback (unnecessary): 1 validateSSN(String) ref[java.lang.Class:class bancoagitar.Util][ref[java.lang.String:"778-85-8551"]] = ref[NULL] throws ref[NULL] (x1)
Mockingbird.enterRecordingMode();
Random random = (Random) Mockingbird.getProxyObject(Random.class);
Mockingbird.replaceObjectForRecording(Random.class, "&lt;init&gt;()", random);
Mockingbird.enterTestMode(CheckingAccount.class);
CheckingAccount checkingAccount = new CheckingAccount("testString", "testString", "778-85-8551", 500.005);
callPrivateMethod("bancoagitar.CheckingAccount", "initializeAccount", new Class[] {String.class, String.class, String.class, double.class}, checkingAccount, new Object[] {"testString", "abcdefghijklmnopqrstuvwxyz", "testString", new Double(0.0)});
// filtered callback (target type): 1 validateBalance(double) ref[CheckingAccount@431753/notnull][ref[double:1000000.0]] = ref[NULL] throws ref[NULL] (x1)
Mockingbird.enterRecordingMode();
Mockingbird.setReturnValue(false, random, "nextInt", "(int)int", new Object[] {new Integer(2)}, new Integer(1), 1);
Mockingbird.enterTestMode(CheckingAccount.class);
checkingAccount.deposit(1000000.0, 3);
</source><diagnostic log-message="Mocking Failing Operations failed" string="Mocking Failing Operations failed" type="error"/></diagnostic><diagnostic coverage="00000000000000110011100110001011110000101100 [44]" mocklevel="3" operation="" outcome="Normal" reason="boundary conditions don't match: deposit(double, int):3:1 fundsLockRequest():0:2 validateBalance(double):1:1 , orig: deposit(double, int):3:1 fundsLockRequest():0:1 validateBalance(double):1:1 " string="Normal: boundary conditions don't match: deposit(double, int):3:1 fundsLockRequest():0:2 validateBalance(double):1:1 , orig: deposit(double, int):3:1 fundsLockRequest():0:1 validateBalance(double):1:1 " type="test"><source>// filtered callback (unnecessary): 1 validateName(String) ref[java.lang.Class:class bancoagitar.Util][ref[java.lang.String:"testString"]] = ref[NULL] throws ref[NULL] (x1)
// filtered callback (unnecessary): 1 validateSSN(String) ref[java.lang.Class:class bancoagitar.Util][ref[java.lang.String:"778-85-8551"]] = ref[NULL] throws ref[NULL] (x1)
Mockingbird.enterRecordingMode();
Random random = (Random) Mockingbird.getProxyObject(Random.class);
Mockingbird.replaceObjectForRecording(Random.class, "&lt;init&gt;()", random);
Mockingbird.enterTestMode(CheckingAccount.class);
CheckingAccount checkingAccount = new CheckingAccount("testString", "testString", "778-85-8551", 500.005);
callPrivateMethod("bancoagitar.CheckingAccount", "initializeAccount", new Class[] {String.class, String.class, String.class, double.class}, checkingAccount, new Object[] {"testString", "abcdefghijklmnopqrstuvwxyz", "testString", new Double(0.0)});
// filtered callback (target type): 1 validateBalance(double) ref[CheckingAccount@431753/notnull][ref[double:1000000.0]] = ref[NULL] throws ref[NULL] (x1)
Mockingbird.enterRecordingMode();
Mockingbird.setReturnValue(false, random, "nextInt", "(int)int", new Object[] {new Integer(2)}, new Integer(1), 1);
Mockingbird.enterTestMode(CheckingAccount.class);
checkingAccount.deposit(1000000.0, 3);
</source><diagnostic log-message="Aggressive mocking failed" string="Aggressive mocking failed" type="error"/></diagnostic><diagnostic coverage="00000000000000110011100110001011110000101100 [44]" mocklevel="3" operation="" outcome="Normal" reason="boundary conditions don't match: deposit(double, int):3:1 fundsLockRequest():0:2 validateBalance(double):1:1 , orig: deposit(double, int):3:1 fundsLockRequest():0:1 validateBalance(double):1:1 " string="Normal: boundary conditions don't match: deposit(double, int):3:1 fundsLockRequest():0:2 validateBalance(double):1:1 , orig: deposit(double, int):3:1 fundsLockRequest():0:1 validateBalance(double):1:1 " type="test"><source>// filtered callback (unnecessary): 1 validateName(String) ref[java.lang.Class:class bancoagitar.Util][ref[java.lang.String:"testString"]] = ref[NULL] throws ref[NULL] (x1)
// filtered callback (unnecessary): 1 validateSSN(String) ref[java.lang.Class:class bancoagitar.Util][ref[java.lang.String:"778-85-8551"]] = ref[NULL] throws ref[NULL] (x1)
Mockingbird.enterRecordingMode();
Random random = (Random) Mockingbird.getProxyObject(Random.class);
Mockingbird.replaceObjectForRecording(Random.class, "&lt;init&gt;()", random);
Mockingbird.enterTestMode(CheckingAccount.class);
CheckingAccount checkingAccount = new CheckingAccount("testString", "testString", "778-85-8551", 500.005);
callPrivateMethod("bancoagitar.CheckingAccount", "initializeAccount", new Class[] {String.class, String.class, String.class, double.class}, checkingAccount, new Object[] {"testString", "abcdefghijklmnopqrstuvwxyz", "testString", new Double(0.0)});
// filtered callback (target type): 1 validateBalance(double) ref[CheckingAccount@431753/notnull][ref[double:1000000.0]] = ref[NULL] throws ref[NULL] (x1)
Mockingbird.enterRecordingMode();
Mockingbird.setReturnValue(false, random, "nextInt", "(int)int", new Object[] {new Integer(2)}, new Integer(1), 1);
Mockingbird.enterTestMode(CheckingAccount.class);
checkingAccount.deposit(1000000.0, 3);
</source><diagnostic log-message="Failed prefiltering" string="Failed prefiltering" type="error"/></diagnostic><diagnostic coverage="00000000000000110011100110001011110000110010 [44]" mocklevel="0" operation="" outcome="Normal" reason="boundary conditions don't match: deposit(double, int):3:1 fundsLockRequest():0:1 deposit(double, int):1:1 , orig: deposit(double, int):3:1 fundsLockRequest():0:2 deposit(double, int):1:1 " string="Normal: boundary conditions don't match: deposit(double, int):3:1 fundsLockRequest():0:1 deposit(double, int):1:1 , orig: deposit(double, int):3:1 fundsLockRequest():0:2 deposit(double, int):1:1 " type="test"><source>CheckingAccount checkingAccount = new CheckingAccount("testCheckingAccountAccountNumber", "testCheckingAccountName", "741-37-1288", 1000.0);
checkingAccount.deposit(5000.0, 3);
</source><diagnostic log-message="Mocking Failing Operations failed" string="Mocking Failing Operations failed" type="error"/></diagnostic><diagnostic coverage="00000000000000110011100110001011110000110010 [44]" mocklevel="3" operation="" outcome="Normal" reason="boundary conditions don't match: deposit(double, int):3:1 fundsLockRequest():0:1 deposit(double, int):1:1 , orig: deposit(double, int):3:1 fundsLockRequest():0:2 deposit(double, int):1:1 " string="Normal: boundary conditions don't match: deposit(double, int):3:1 fundsLockRequest():0:1 deposit(double, int):1:1 , orig: deposit(double, int):3:1 fundsLockRequest():0:2 deposit(double, int):1:1 " type="test"><source>CheckingAccount checkingAccount = new CheckingAccount("testCheckingAccountAccountNumber", "testCheckingAccountName", "741-37-1288", 1000.0);
checkingAccount.deposit(5000.0, 3);
</source><diagnostic log-message="Aggressive mocking failed" string="Aggressive mocking failed" type="error"/></diagnostic><diagnostic coverage="00000000000000110011100110001011110000110010 [44]" mocklevel="3" operation="" outcome="Normal" reason="boundary conditions don't match: deposit(double, int):3:1 fundsLockRequest():0:1 deposit(double, int):1:1 , orig: deposit(double, int):3:1 fundsLockRequest():0:2 deposit(double, int):1:1 " string="Normal: boundary conditions don't match: deposit(double, int):3:1 fundsLockRequest():0:1 deposit(double, int):1:1 , orig: deposit(double, int):3:1 fundsLockRequest():0:2 deposit(double, int):1:1 " type="test"><source>CheckingAccount checkingAccount = new CheckingAccount("testCheckingAccountAccountNumber", "testCheckingAccountName", "741-37-1288", 1000.0);
checkingAccount.deposit(5000.0, 3);
</source><diagnostic log-message="Failed prefiltering" string="Failed prefiltering" type="error"/></diagnostic></diagnostic><diagnostic class="CheckingAccount" denominator="6" fullmethod="validateBalance(double param1)" key="coverage.testgen" method="validateBalance(double)" number="1.0" numerator="6" package="bancoagitar" string="6/6 (100%)" type="fraction"/><diagnostic key="timing.Normal" string="1010" type="string"/><diagnostic class="CheckingAccount" denominator="1" fullmethod="getBranches()" key="coverage.testgen" method="getBranches()" number="1.0" numerator="1" package="bancoagitar" string="1/1 (100%)" type="fraction"/><diagnostic class="CheckingAccount" fullmethod="withdraw(double param1)" key="complexity" method="withdraw(double)" number="8.0" package="bancoagitar" string="8" type="number"/><diagnostic key="memory.ooms" number="0.0" string="0" type="number"/><diagnostic class="CheckingAccountAgitarTest" fullmethod="testDeposit()" key="test.created" method="testDeposit()" package="bancoagitar" string="Mock level: 0" type="string"/><diagnostic class="CheckingAccount" fullmethod="withdraw(double param1)" key="mockitator.skip.edge" method="withdraw(double)" package="bancoagitar" type="list"><diagnostic string="true v235 &gt; 1.0" type="string"/><diagnostic string="false v235 &lt;= 1.0" type="string"/><diagnostic string="true v243 &lt; 500.0" type="string"/><diagnostic string="false v243 &gt;= 500.0" type="string"/><diagnostic string="true v245 &lt;= 1000000.0" type="string"/><diagnostic string="false v245 &gt; 1000000.0" type="string"/><diagnostic string="true v259 &lt;= v261" type="string"/></diagnostic><diagnostic key="agitar.version" string="JUnitFactory Version 2.1.1.000614 (Build date: Nov 19, 2007) [2.1.1.000614]" type="string"/><diagnostic class="SetupHelper" key="helpers.unused.internal.classes" package="com.agitar.lib" string="Agitar internal" type="string"/><diagnostic class="CheckingAccount" denominator="26" fullmethod="withdraw(double param1)" key="coverage.testgen" method="withdraw(double)" number="1.0" numerator="26" package="bancoagitar" string="26/26 (100%)" type="fraction"/><diagnostic class="CheckingAccountAgitarTest" fullmethod="testValidateAllThrowsNullPointerException1()" key="test.created" method="testValidateAllThrowsNullPointerException1()" package="bancoagitar" string="Mock level: 0" type="string"/><diagnostic class="CheckingAccount" denominator="1" fullmethod="getBranches()" key="coverage.agitation" method="getBranches()" number="1.0" numerator="1" package="bancoagitar" string="1/1 (100%)" type="fraction"/><diagnostic class="CheckingAccountAgitarTest" fullmethod="testValidateBalanceThrowsBancoAgitarException1()" key="test.created" method="testValidateBalanceThrowsBancoAgitarException1()" package="bancoagitar" string="Mock level: 0" type="string"/><diagnostic class="CheckingAccountAgitarTest" fullmethod="testValidateBalanceThrowsBancoAgitarException()" key="test.created" method="testValidateBalanceThrowsBancoAgitarException()" package="bancoagitar" string="Mock level: 0" type="string"/><diagnostic class="CheckingAccount" denominator="79" key="coverage.final" number="1.0" numerator="79" package="bancoagitar" string="79/79 (100%)" type="fraction"/><diagnostic class="CheckingAccountAgitarTest" fullmethod="testWithdraw1()" key="test.created" method="testWithdraw1()" package="bancoagitar" string="Mock level: 0" type="string"/><diagnostic class="CheckingAccountAgitarTest" fullmethod="testBranchWithReserve()" key="test.created" method="testBranchWithReserve()" package="bancoagitar" string="Mock level: 0" type="string"/><diagnostic key="memory.max.final" number="1024.0" string="1024" type="number"/><diagnostic key="target.class.name" string="bancoagitar.CheckingAccount" type="string"/><diagnostic class="CheckingAccount" fullmethod="getBranches()" key="complexity" method="getBranches()" number="1.0" package="bancoagitar" string="1" type="number"/><diagnostic class="CheckingAccount" denominator="5" fullmethod="initializeAccount(java.lang.String param1, java.lang.String param2, java.lang.String param3, double param4)" key="coverage.testgen" method="initializeAccount(String, String, String, double)" number="1.0" numerator="5" package="bancoagitar" string="5/5 (100%)" type="fraction"/><diagnostic class="CheckingAccount" denominator="1" fullmethod="getBalance()" key="coverage.testgen" method="getBalance()" number="1.0" numerator="1" package="bancoagitar" string="1/1 (100%)" type="fraction"/><diagnostic class="CheckingAccountAgitarTest" fullmethod="testWithdrawThrowsBancoAgitarException1()" key="test.created" method="testWithdrawThrowsBancoAgitarException1()" package="bancoagitar" string="Mock level: 0" type="string"/><diagnostic class="CheckingAccount" denominator="1" fullmethod="getAccountNumber()" key="coverage.agitation" method="getAccountNumber()" number="1.0" numerator="1" package="bancoagitar" string="1/1 (100%)" type="fraction"/><diagnostic class="CheckingAccountAgitarTest" fullmethod="testBranchWithReserveThrowsIndexOutOfBoundsException()" key="test.created" method="testBranchWithReserveThrowsIndexOutOfBoundsException()" package="bancoagitar" string="Mock level: 0" type="string"/><diagnostic class="CheckingAccountAgitarTest" fullmethod="testDeposit4()" key="test.created" method="testDeposit4()" package="bancoagitar" string="Mock level: 0" type="string"/><diagnostic class="CheckingAccount" fullmethod="cashReserves()" key="complexity" method="cashReserves()" number="1.0" package="bancoagitar" string="1" type="number"/><diagnostic key="classpath.library" type="list"><diagnostic string="175bc49baf5e6b4b4c6ff44d9f3340cd/junit.jar" type="string"/><diagnostic string="a1952d790bfcbf92a4265c34fa086391/com.agitar.mockingbird.jar" type="string"/><diagnostic string="950bf29d5480c379bb18c99b9d4190d0/org.agitar.mock5.jar" type="string"/></diagnostic><diagnostic class="CheckingAccountAgitarTest" fullmethod="testFillOutFederalFormForLargeCashDeposit()" key="test.created" method="testFillOutFederalFormForLargeCashDeposit()" package="bancoagitar" string="Mock level: 0" type="string"/><diagnostic class="CheckingAccountAgitarTest" fullmethod="testValidateBalance2()" key="test.created" method="testValidateBalance2()" package="bancoagitar" string="Mock level: 0" type="string"/><diagnostic class="CheckingAccount" denominator="8" fullmethod="validateAll(java.lang.String param1, java.lang.String param2, double param3)" key="coverage.testgen" method="validateAll(String, String, double)" number="1.0" numerator="8" package="bancoagitar" string="8/8 (100%)" type="fraction"/><diagnostic class="CheckingAccount" fullmethod="branchWithReserve(double param1, java.util.List param2)" key="complexity" method="branchWithReserve(double, List)" number="1.0" package="bancoagitar" string="1" type="number"/><diagnostic key="timing.Analysis" string="1191" type="string"/><diagnostic key="timing.SaveAcovTime" string="3" type="string"/><diagnostic class="CheckingAccountAgitarTest" fullmethod="testValidateAllThrowsBancoAgitarException()" key="test.created" method="testValidateAllThrowsBancoAgitarException()" package="bancoagitar" string="Mock level: 0" type="string"/><diagnostic class="String" denominator="593" key="class.creation" number="1.0" numerator="593" package="java.lang" string="593/593 (100%)" type="fraction"/><diagnostic class="CheckingAccount" key="class.proximity" number="100.0" package="bancoagitar" string="100" type="number"/><diagnostic class="CheckingAccountAgitarTest" fullmethod="testGetBalance()" key="test.created" method="testGetBalance()" package="bancoagitar" string="Mock level: 0" type="string"/><diagnostic class="CheckingAccountAgitarTest" fullmethod="testDepositThrowsBancoAgitarException1()" key="test.created" method="testDepositThrowsBancoAgitarException1()" package="bancoagitar" string="Mock level: 0" type="string"/><diagnostic class="CheckingAccountAgitarTest" fullmethod="testConstructor3()" key="test.created" method="testConstructor3()" package="bancoagitar" string="Mock level: 0" type="string"/><diagnostic class="CheckingAccount" denominator="1" fullmethod="getName()" key="coverage.agitation" method="getName()" number="1.0" numerator="1" package="bancoagitar" string="1/1 (100%)" type="fraction"/><diagnostic class="CheckingAccountAgitarTest" fullmethod="testValidateBalance1()" key="test.created" method="testValidateBalance1()" package="bancoagitar" string="Mock level: 0" type="string"/><diagnostic key="thread.count.final" number="8.0" string="8" type="number"/><diagnostic class="CheckingAccount" denominator="5" fullmethod="&lt;init&gt;(java.lang.String param1, java.lang.String param2, java.lang.String param3, double param4)" key="coverage.final" method="&lt;init&gt;(String, String, String, double)" number="1.0" numerator="5" package="bancoagitar" string="5/5 (100%)" type="fraction"/><diagnostic key="java.vmargs" type="list"><diagnostic string="-Xms512m" type="string"/><diagnostic string="-Xmx1024m" type="string"/><diagnostic string="-Dlockdown" type="string"/><diagnostic string="-Duser.language=en" type="string"/><diagnostic string="-Djava.awt.headless=true" type="string"/><diagnostic string="-Duser.country=US" type="string"/><diagnostic string="-Dagitar.test.gen.source.folder=agitar/test" type="string"/><diagnostic string="-Djava5.home=/home/agitar/platforms/linux/x86/java/Sun/1.5" type="string"/><diagnostic string="-Dagitar.time.scaling.factor=1" type="string"/><diagnostic string="-Dagitar.job.md5=67e7bc4de11c15959dcab0c3569b64e0" type="string"/></diagnostic><diagnostic class="CheckingAccount" fullmethod="fundsLockRequest()" key="test.failing" method="fundsLockRequest()" package="bancoagitar" type="list"><diagnostic coverage="000000000000000000110010 [24]" mocklevel="0" operation="" outcome="Normal" reason="return value ref[boolean:true] identifier is different from: false" string="Normal: return value ref[boolean:true] identifier is different from: false" type="test"><source>CheckingAccount checkingAccount = new CheckingAccount("testCheckingAccountAccountNumber", "testCheckingAccountName", "741-37-1288", 10000.0);
callPrivateMethod("bancoagitar.CheckingAccount", "fundsLockRequest", new Class[] {}, checkingAccount, new Object[] {});
</source><diagnostic log-message="Failed to verify test for: #2320383 bancoagitar.CheckingAccount.fundsLockRequest() Params: [ref[CheckingAccount@161eccb/notnull]] Ret: ref[boolean:false], for: return value ref[boolean:true] identifier is different from: false" string="Failed to verify test for: #2320383 bancoagitar.CheckingAccount.fundsLockRequest() Params: [ref[CheckingAccount@161eccb/notnull]] Ret: ref[boolean:false], for: return value ref[boolean:true] identifier is different from: false" type="error"/></diagnostic><diagnostic coverage="000000000000000000101100 [24]" mocklevel="0" operation="" outcome="Normal" reason="return value ref[boolean:false] identifier is different from: true" string="Normal: return value ref[boolean:false] identifier is different from: true" type="test"><source>CheckingAccount checkingAccount = new CheckingAccount("testCheckingAccountAccountNumber2", "testCheckingAccountName", "741-37-1288", 500.005);
callPrivateMethod("bancoagitar.CheckingAccount", "fundsLockRequest", new Class[] {}, checkingAccount, new Object[] {});
</source><diagnostic log-message="Failed to verify test for: #31705550 bancoagitar.CheckingAccount.fundsLockRequest() Params: [ref[CheckingAccount@68bfa2/notnull]] Ret: ref[boolean:true], for: return value ref[boolean:false] identifier is different from: true" string="Failed to verify test for: #31705550 bancoagitar.CheckingAccount.fundsLockRequest() Params: [ref[CheckingAccount@68bfa2/notnull]] Ret: ref[boolean:true], for: return value ref[boolean:false] identifier is different from: true" type="error"/></diagnostic></diagnostic><diagnostic class="CheckingAccount" denominator="56" key="mockingbird.ratio" number="0.0" numerator="0" package="bancoagitar" string="0/56 (0%)" type="fraction"/><diagnostic class="CheckingAccountAgitarTest" fullmethod="testDeposit6()" key="test.created" method="testDeposit6()" package="bancoagitar" string="Mock level: 0" type="string"/><diagnostic class="CheckingAccount" fullmethod="getBalance()" key="complexity" method="getBalance()" number="1.0" package="bancoagitar" string="1" type="number"/><diagnostic class="CheckingAccount" fullmethod="initializeAccount(java.lang.String param1, java.lang.String param2, java.lang.String param3, double param4)" key="complexity" method="initializeAccount(String, String, String, double)" number="1.0" package="bancoagitar" string="1" type="number"/><diagnostic class="BancoAgitarException" key="class.proximity" number="30.0" package="bancoagitar" string="30" type="number"/><diagnostic class="CheckingAccountAgitarTest" fullmethod="testValidateAllThrowsNullPointerException()" key="test.created" method="testValidateAllThrowsNullPointerException()" package="bancoagitar" string="Mock level: 0" type="string"/><diagnostic key="memory.available.final" number="966.0" string="966" type="number"/><diagnostic key="thread.count.initial" number="8.0" string="8" type="number"/><diagnostic class="CheckingAccountAgitarTest" fullmethod="testGetBranches()" key="test.created" method="testGetBranches()" package="bancoagitar" string="Mock level: 0" type="string"/><diagnostic class="CheckingAccount" denominator="79" key="coverage.aggressive" number="0.16455696202531644" numerator="13" package="bancoagitar" string="13/79 (16.46%)" type="fraction"/><diagnostic class="CheckingAccount" denominator="4" fullmethod="fundsLockRequest()" key="coverage.agitation" method="fundsLockRequest()" number="1.0" numerator="4" package="bancoagitar" string="4/4 (100%)" type="fraction"/><diagnostic class="CheckingAccount" denominator="1" fullmethod="branchWithReserve(double param1, java.util.List param2)" key="coverage.agitation" method="branchWithReserve(double, List)" number="1.0" numerator="1" package="bancoagitar" string="1/1 (100%)" type="fraction"/><diagnostic class="CheckingAccountAgitarTest" fullmethod="testDepositThrowsBancoAgitarException2()" key="test.created" method="testDepositThrowsBancoAgitarException2()" package="bancoagitar" string="Mock level: 0" type="string"/><diagnostic class="CheckingAccount" fullmethod="validateBalance(double param1)" key="mockitator.skip.edge" method="validateBalance(double)" package="bancoagitar" type="list"><diagnostic string="true v120 &lt; 500.0" type="string"/><diagnostic string="false v120 &gt;= 500.0" type="string"/><diagnostic string="true v122 &lt;= 1000000.0" type="string"/><diagnostic string="false v122 &gt; 1000000.0" type="string"/></diagnostic><diagnostic key="timing.Boundary" string="582" type="string"/><diagnostic key="os.name" string="Linux" type="string"/><diagnostic class="CheckingAccountAgitarTest" fullmethod="testValidateAll()" key="test.created" method="testValidateAll()" package="bancoagitar" string="Mock level: 0" type="string"/><diagnostic class="CheckingAccount" key="coverage.testgen.delta" package="bancoagitar" string="unchanged" type="string"/><diagnostic class="CheckingAccount" denominator="1" fullmethod="getSSN()" key="coverage.final" method="getSSN()" number="1.0" numerator="1" package="bancoagitar" string="1/1 (100%)" type="fraction"/><diagnostic class="CheckingAccount" fullmethod="fundsLockRequest()" key="mockitator.skip.edge" method="fundsLockRequest()" package="bancoagitar" type="list"><diagnostic string="true v434 != 0" type="string"/><diagnostic string="false v434 == 0" type="string"/></diagnostic><diagnostic class="CheckingAccount" denominator="16" fullmethod="deposit(double param1, int param2)" key="coverage.agitation" method="deposit(double, int)" number="1.0" numerator="16" package="bancoagitar" string="16/16 (100%)" type="fraction"/><diagnostic class="CheckingAccountAgitarTest" fullmethod="testGetSSN()" key="test.created" method="testGetSSN()" package="bancoagitar" string="Mock level: 0" type="string"/><diagnostic class="CheckingAccountAgitarTest" fullmethod="testDeposit7()" key="test.created" method="testDeposit7()" package="bancoagitar" string="Mock level: 0" type="string"/><diagnostic class="CheckingAccount" denominator="1" fullmethod="cashReserves()" key="coverage.agitation" method="cashReserves()" number="1.0" numerator="1" package="bancoagitar" string="1/1 (100%)" type="fraction"/><diagnostic class="CheckingAccountAgitarTest" fullmethod="testConstructorThrowsNullPointerException()" key="test.created" method="testConstructorThrowsNullPointerException()" package="bancoagitar" string="Mock level: 0" type="string"/><diagnostic key="classpath.agitar" type="list"><diagnostic string="plugins/com.agitar.agitator_2.1.1.000614/com.agitar.agitator.jar" type="string"/><diagnostic string="plugins/com.agitar.agitator_2.1.1.000614/com.agitar.knowledge.jar" type="string"/><diagnostic string="plugins/com.agitar.agitator_2.1.1.000614/com.agitar.tools.jar" type="string"/><diagnostic string="plugins/com.agitar.agitator_2.1.1.000614/lib/agitar-crimson.jar" type="string"/><diagnostic string="plugins/com.agitar.agitator_2.1.1.000614/lib/agitar-gnu-regexp-1.1.4.jar" type="string"/><diagnostic string="plugins/com.agitar.agitator_2.1.1.000614/lib/agitar-org.eclipse.jdt.core_3.1.0.jar" type="string"/><diagnostic string="plugins/com.agitar.agitator_2.1.1.000614/lib/agitator-lib.jar" type="string"/><diagnostic string="plugins/com.agitar.agitator_2.1.1.000614/lib/antlr-2.7.5H3.jar" type="string"/><diagnostic string="plugins/com.agitar.agitator_2.1.1.000614/lib/checkstyle-4.1.jar" type="string"/><diagnostic string="plugins/com.agitar.agitator_2.1.1.000614/lib/checkstyle-optional-4.1.jar" type="string"/><diagnostic string="plugins/com.agitar.agitator_2.1.1.000614/lib/commons-beanutils-core.jar" type="string"/><diagnostic string="plugins/com.agitar.agitator_2.1.1.000614/lib/commons-beanutils.jar" type="string"/><diagnostic string="plugins/com.agitar.agitator_2.1.1.000614/lib/commons-collections.jar" type="string"/><diagnostic string="plugins/com.agitar.agitator_2.1.1.000614/lib/fast-md5.jar" type="string"/><diagnostic string="plugins/com.agitar.agitator_2.1.1.000614/lib/isorelax.jar" type="string"/><diagnostic string="plugins/com.agitar.agitator_2.1.1.000614/lib/lucene-1.5-rc1-dev.jar" type="string"/><diagnostic string="plugins/com.agitar.agitator_2.1.1.000614/lib/msv.jar" type="string"/><diagnostic string="plugins/com.agitar.agitator_2.1.1.000614/lib/relaxngDatatype.jar" type="string"/><diagnostic string="plugins/com.agitar.agitator_2.1.1.000614/lib/xmlgen.jar" type="string"/><diagnostic string="plugins/com.agitar.agitator_2.1.1.000614/lib/xpp3-1.1.3.4d_b4_min.jar" type="string"/><diagnostic string="plugins/com.agitar.agitator_2.1.1.000614/lib/xsdlib.jar" type="string"/><diagnostic string="plugins/com.agitar.agitator_2.1.1.000614/lib/xstream-1.1.2.jar" type="string"/><diagnostic string="plugins/com.agitar.eclipse.coverage_2.1.1.000614/com.agitar.check.jar" type="string"/><diagnostic string="plugins/com.agitar.eclipse.coverage_2.1.1.000614/com.agitar.common.jar" type="string"/><diagnostic string="plugins/com.agitar.eclipse.coverage_2.1.1.000614/com.agitar.coverage.jar" type="string"/><diagnostic string="plugins/com.agitar.eclipse.coverage_2.1.1.000614/com.agitar.eclipse.core.jar" type="string"/><diagnostic string="plugins/com.agitar.eclipse.coverage_2.1.1.000614/com.agitar.eclipse.coverage.jar" type="string"/><diagnostic string="plugins/com.agitar.eclipse.coverage_2.1.1.000614/com.agitar.eclipse.project.mock.jar" type="string"/><diagnostic string="plugins/com.agitar.eclipse.coverage_2.1.1.000614/lib/asm-tree.jar" type="string"/><diagnostic string="plugins/com.agitar.eclipse.coverage_2.1.1.000614/lib/asm.jar" type="string"/><diagnostic string="plugins/com.agitar.eclipse.coverage_2.1.1.000614/lib/commons-cli-1.0.jar" type="string"/><diagnostic string="plugins/com.agitar.eclipse.coverage_2.1.1.000614/lib/ezlicgen30.jar" type="string"/><diagnostic string="plugins/com.agitar.eclipse.coverage_2.1.1.000614/lib/ezlicrun30.jar" type="string"/><diagnostic string="plugins/com.agitar.eclipse.coverage_2.1.1.000614/lib/hsqldb.jar" type="string"/><diagnostic string="plugins/com.agitar.eclipse.coverage_2.1.1.000614/lib/ils10.jar" type="string"/><diagnostic string="plugins/com.agitar.eclipse.coverage_2.1.1.000614/lib/ilsadmin10.jar" type="string"/><diagnostic string="plugins/com.agitar.eclipse.coverage_2.1.1.000614/lib/ilsclient10.jar" type="string"/><diagnostic string="plugins/com.agitar.eclipse.coverage_2.1.1.000614/lib/ilscrypt10.jar" type="string"/><diagnostic string="plugins/com.agitar.eclipse.coverage_2.1.1.000614/lib/ilsdb10.jar" type="string"/><diagnostic string="plugins/com.agitar.eclipse.coverage_2.1.1.000614/lib/jvmdetector.jar" type="string"/><diagnostic string="plugins/com.agitar.eclipse.coverage_2.1.1.000614/lib/wdortl20.jar" type="string"/><diagnostic string="plugins/com.agitar.eclipse.api_2.1.1.000614/com.agitar.eclipse.api.jar" type="string"/><diagnostic string="plugins/com.agitar.eclipse.api_2.1.1.000614/com.agitar.mockingbird.jar" type="string"/><diagnostic string="plugins/com.agitar.eclipse.api_2.1.1.000614/com.agitar.testrunner.jar" type="string"/><diagnostic string="plugins/com.agitar.eclipse.api_2.1.1.000614/lib/ant-junit.jar" type="string"/><diagnostic string="plugins/com.agitar.eclipse.api_2.1.1.000614/lib/ant-launcher.jar" type="string"/><diagnostic string="plugins/com.agitar.eclipse.api_2.1.1.000614/lib/ant.jar" type="string"/><diagnostic string="plugins/com.agitar.eclipse.api_2.1.1.000614/lib/commons-codec-1.3.jar" type="string"/><diagnostic string="plugins/com.agitar.eclipse.api_2.1.1.000614/lib/commons-httpclient-3.1.jar" type="string"/><diagnostic string="plugins/com.agitar.eclipse.api_2.1.1.000614/lib/commons-logging.jar" type="string"/><diagnostic string="plugins/com.agitar.eclipse.api_2.1.1.000614/lib/junit.jar" type="string"/><diagnostic string="plugins/com.agitar.eclipse.api_2.1.1.000614/lib/xalan.jar" type="string"/><diagnostic string="../../../platforms/linux/x86/eclipse/plugins/org.junit_3.8.2.v200706111738/junit.jar" type="string"/></diagnostic><diagnostic class="CheckingAccountAgitarTest" fullmethod="testDeposit2()" key="test.created" method="testDeposit2()" package="bancoagitar" string="Mock level: 0" type="string"/><diagnostic class="CheckingAccountAgitarTest" fullmethod="testGetName()" key="test.created" method="testGetName()" package="bancoagitar" string="Mock level: 0" type="string"/><diagnostic key="classpath.extension" type="list"><diagnostic string="plugins/com.agitar.eclipse.api_2.1.1.000614/lib/ext/org.agitar.mock5.jar" type="string"/><diagnostic string="plugins/com.agitar.agitator_2.1.1.000614/lib/ext/com.agitar.enterprise5.jar" type="string"/></diagnostic><diagnostic class="CheckingAccount" denominator="6" fullmethod="validateBalance(double param1)" key="coverage.final" method="validateBalance(double)" number="1.0" numerator="6" package="bancoagitar" string="6/6 (100%)" type="fraction"/><diagnostic key="classpath.expert" type="list"><diagnostic string="plugins/com.agitar.experts.spring_2.1.1.000614/com.agitar.experts.spring.jar" type="string"/><diagnostic string="plugins/com.agitar.experts.j2ee_2.1.1.000614/com.agitar.experts.j2ee.jar" type="string"/><diagnostic string="plugins/com.agitar.experts.struts_2.1.1.000614/com.agitar.experts.struts.jar" type="string"/><diagnostic string="plugins/com.agitar.experts.hibernate_2.1.1.000614/com.agitar.experts.hibernate.jar" type="string"/></diagnostic><diagnostic class="CheckingAccount" denominator="1" fullmethod="getAccountNumber()" key="coverage.testgen" method="getAccountNumber()" number="1.0" numerator="1" package="bancoagitar" string="1/1 (100%)" type="fraction"/><diagnostic class="CheckingAccount" denominator="5" fullmethod="initializeAccount(java.lang.String param1, java.lang.String param2, java.lang.String param3, double param4)" key="coverage.agitation" method="initializeAccount(String, String, String, double)" number="1.0" numerator="5" package="bancoagitar" string="5/5 (100%)" type="fraction"/><diagnostic class="CheckingAccount" denominator="1" fullmethod="thisBranch()" key="coverage.agitation" method="thisBranch()" number="1.0" numerator="1" package="bancoagitar" string="1/1 (100%)" type="fraction"/></diagnostics></report>