[
  {
    "Id": "146258",
    "ThreadId": "43980",
    "Html": "Would it be possible to provide the developer's guide in PDF or some other generic format, for thos of us that don't own the latest version of Microsoft Office and can't read docx files?",
    "PostedDate": "2009-01-12T03:13:12.833-08:00",
    "UserRole": null,
    "MarkedAsAnswerDate": null
  },
  {
    "Id": "147259",
    "ThreadId": "43980",
    "Html": "I will post a PDF version of the documentation soon!<br>\r\n<br>\r\n",
    "PostedDate": "2009-01-14T21:47:38.81-08:00",
    "UserRole": null,
    "MarkedAsAnswerDate": null
  },
  {
    "Id": "147262",
    "ThreadId": "43980",
    "Html": "PDF version of the developer's guide now posted on release page. Note that this describes functionality that is not part of the Beta 1 release. Beta 2 is coming soon, but if you can't wait, grab the latest changeset from the source code page.<br>\r\n<br>\r\n",
    "PostedDate": "2009-01-14T21:55:03.84-08:00",
    "UserRole": null,
    "MarkedAsAnswerDate": null
  }
]