[
  {
    "Id": "0",
    "Name": "Yarr Beta 2",
    "DevelopmentStatus": "Beta",
    "Description": "*Runtime Changes*\nExtension methods are now supported.\nCan now create *Action<...>*, *Func<...>*, and *Predicate<T>* delegates, and *Expression<Func<...>>* LINQ expressions from Yarr closures.\nMany bug fixes.\n\n*YarrPad Changes*\nMatching parenthesis is shown when '(' or ')' is typed. \nCodesense popup now filters choices as user types.\nMany bug fixes.\n\nThe *Yarr Developer's Guide* includes a tutorial and comprehensive language reference. *Now available as PDF*\n\n*Yarr-Beta2.zip* Contains the Yarr runtime and the Yarr.exe and YarrPad.exe applications.\nThis is everything you need to walk through the tutorial in the Developer's Guide.\nRequires version 3.5 of the .NET Runtime\n\n*Yarr-Beta2-Source.zip* Contains the source code for the Beta 2 release. Requires Visual Studio 2008.\n\n*This Beta 2 Release corresponds to changeset 4163. Other changesets may or may not be functional*",
    "ReleasedDatge": "0001-01-01T00:00:00",
    "ModifiedDate": "2009-01-17T18:00:35.687-08:00",
    "Files": [
      {
        "Id": "16fd4f37-56c2-4a0f-a00f-94dbc091ee24",
        "FileName": "Yarr-Beta2.zip",
        "Url": "./0/16fd4f37-56c2-4a0f-a00f-94dbc091ee24",
        "Type": "Application",
        "UploadDate": "2009-01-17T17:57:12.92-08:00"
      },
      {
        "Id": "ad5463a8-694c-48ad-bcf0-59ad4add94c1",
        "FileName": "Yarr Developers Guide.docx",
        "Url": "./0/ad5463a8-694c-48ad-bcf0-59ad4add94c1",
        "Type": "Documentation",
        "UploadDate": "2009-01-17T17:57:12.093-08:00"
      },
      {
        "Id": "578d000a-6946-4a53-b1c2-a6b555a61758",
        "FileName": "Yarr Developers Guide.pdf",
        "Url": "./0/578d000a-6946-4a53-b1c2-a6b555a61758",
        "Type": "Documentation",
        "UploadDate": "2009-01-17T17:57:12.483-08:00"
      },
      {
        "Id": "45e448bd-8b8b-4fa7-8368-894511c406bd",
        "FileName": "yarr-beta2-source.zip",
        "Url": "./0/45e448bd-8b8b-4fa7-8368-894511c406bd",
        "Type": "Source Code",
        "UploadDate": "2009-01-17T17:57:13.233-08:00"
      }
    ]
  },
  {
    "Id": "1",
    "Name": "Yarr Beta 1",
    "DevelopmentStatus": "Beta",
    "Description": "Yarr is a Lisp-based scripting language for .NET with many features borrowed from Common Lisp. \n\n*PDF Version of Developer's Guide - includes functionality not part of the Beta 1 Release. Beta 2 coming soon!*\n\nThe *Yarr Developer's Guide* Includes a tutorial and comprehensive language reference.\n\n*Yarr-Beta1.zip* Contains the Yarr runtime and the Yarr.exe and YarrPad.exe applications. \nThis is everything you need to walk through the tutorial in the Developer's Guide. \nRequires version 3.5 of the .NET Runtime\n\n*Yarr-Beta1-Source.zip* Contains the source code for the Beta 1 release. Requires Visual Studio 2008.\n\n*This Beta 1 Release corresponds to Changeset 1754. Other changesets may or may not be functional*",
    "ReleasedDatge": "0001-01-01T00:00:00",
    "ModifiedDate": "2009-01-14T21:52:41.453-08:00",
    "Files": [
      {
        "Id": "aeb9d9fc-556d-4f5d-9f9e-8f0587a75df7",
        "FileName": "Yarr Developers Guide.docx",
        "Url": "./1/aeb9d9fc-556d-4f5d-9f9e-8f0587a75df7",
        "Type": "Documentation",
        "UploadDate": "2009-01-03T22:59:57.273-08:00"
      },
      {
        "Id": "96fe4fc6-7e1c-4898-b5b1-c8ea8fb48925",
        "FileName": "Yarr-Beta1.zip",
        "Url": "./1/96fe4fc6-7e1c-4898-b5b1-c8ea8fb48925",
        "Type": "Application",
        "UploadDate": "2009-01-03T22:38:53.723-08:00"
      },
      {
        "Id": "808ca8b2-afb4-4a96-98d2-2a309f154a1a",
        "FileName": "Yarr-Beta1-Source.zip",
        "Url": "./1/808ca8b2-afb4-4a96-98d2-2a309f154a1a",
        "Type": "Source Code",
        "UploadDate": "2009-01-04T08:51:39.41-08:00"
      },
      {
        "Id": "62a2965d-2f42-4e63-9a13-b5d2fe260d51",
        "FileName": "Yarr Developers Guide.pdf",
        "Url": "./1/62a2965d-2f42-4e63-9a13-b5d2fe260d51",
        "Type": "Documentation",
        "UploadDate": "2009-01-14T21:52:41.017-08:00"
      }
    ]
  },
  {
    "Id": "2",
    "Name": "Yarr Beta 3",
    "DevelopmentStatus": "Beta",
    "Description": "*Runtime Changes*\nAdded Package support. Yarr Packages are loosely based on Common Lisp Packages, and provide a way to group and define related symbols. Packages can inherit symbols from other packages.\n\nFunction *make-package* creates a new package\nFunction *in-package* sets the current (default) package\nFunction *use-pacakge* cuases a package to inherit symbols from other packages\nFunction *shadow* creates a symbol that shadows an inherited symbol\n\nKeyword symbols now belong to their own package, and cannot be bound. Keyword symbols can now be used to denote types, for example the symbol *:int32* will resolve to the *System.Int32* class.\n\nBuilt-in Yarr functions now bound to symbols in the *system* package\nPretty-printer functions and variable now bound to the symbols in the *pprint* package \nAt startup, the default package is set to the *user* package (which inherits the *system* pakcage)\n\nAdded *PackageAttribute* class that extension classes can use to specify what package the symbols they bind to should come from.\n\n*This Beta 3 Release corresponds to changeset 14095. Other Changesets may or may not be functional*",
    "ReleasedDatge": "0001-01-01T00:00:00",
    "ModifiedDate": "2009-03-11T18:56:07.187-07:00",
    "Files": [
      {
        "Id": "99f5ecf8-0498-4d9f-9fed-a2615349047b",
        "FileName": "Yarr Developers Guide.pdf",
        "Url": "./2/99f5ecf8-0498-4d9f-9fed-a2615349047b",
        "Type": "Documentation",
        "UploadDate": "2009-03-11T18:53:02.323-07:00"
      },
      {
        "Id": "74adbc49-e70b-4374-b50d-95a7432a266f",
        "FileName": "Yarr-Beta3.zip",
        "Url": "./2/74adbc49-e70b-4374-b50d-95a7432a266f",
        "Type": "Application",
        "UploadDate": "2009-03-11T18:53:02.043-07:00"
      },
      {
        "Id": "d3f46c54-fe75-4eb4-935e-3438cabd2aa4",
        "FileName": "Yarr Developers Guide.docx",
        "Url": "./2/d3f46c54-fe75-4eb4-935e-3438cabd2aa4",
        "Type": "Documentation",
        "UploadDate": "2009-03-11T18:53:02.137-07:00"
      }
    ]
  }
]