<?xml version="1.0" encoding="UTF-8"?>
<feature
      id="org.crap4j.eclipse.feature"
      label="Crap4jEclipseFeature (for Eclipse 3.2.1 or greater)"
      version="0.1.13"
      provider-name="Bob Evans, Alberto Savoia">

   <description url="http://www.crap4j.org/">
      This is an Eclipse plugin that will run the crap4j tool on Eclipse workspace projects.
   </description>

   <copyright>
      This work is subject to the license Agreement in the Eclipse Public License.
   </copyright>

   <license url="http://www.eclipse.org/legal/epl-v10.html">
      This plugin is licensed under the Eclipse Public License V1.0.
   </license>

   <requires>
      <import plugin="org.eclipse.ui"/>
      <import plugin="org.eclipse.core.runtime"/>
      <import plugin="org.eclipse.core.resources"/>
      <import plugin="org.eclipse.jdt.ui"/>
      <import plugin="org.eclipse.jdt.core"/>
      <import plugin="org.eclipse.jdt"/>
      <import plugin="org.eclipse.jdt.junit"/>
      <import plugin="org.eclipse.ui.editors"/>
      <import plugin="org.eclipse.jface.text"/>
      <import plugin="org.eclipse.ui.workbench.texteditor"/>
      <import plugin="org.eclipse.ui.forms"/>
      <import plugin="org.eclipse.update.core"/>
      <import plugin="org.eclipse.debug.core"/>
      <import plugin="org.eclipse.debug.ui"/>
      <import plugin="org.eclipse.jdt.launching"/>
      <import plugin="org.eclipse.ui.ide"/>
      <import plugin="org.eclipse.jdt.debug.ui"/>
      <import plugin="org.eclipse.jdt.debug"/>
      <import plugin="org.eclipse.core.expressions"/>
      <import plugin="org.eclipse.jface"/>
      <import plugin="org.eclipse.help"/>
      <import plugin="org.eclipse.ui.console"/>
      <import plugin="org.eclipse.help.base"/>
      <import plugin="org.eclipse.swt"/>
      <import plugin="org.eclipse.text"/>
      <import plugin="org.eclipse.ui.workbench"/>
      <import feature="com.agitar.eclipse.junit.runner"/>
   </requires>

   <plugin
         id="org.crap4j.eclipse"
         download-size="0"
         install-size="0"
         version="0.1.13"/>

   <plugin
         id="org.crap4j"
         download-size="0"
         install-size="0"
         version="0.1.13"/>

</feature>
